Date,State,Confirmed,Recovered,Deceased
14-Mar-20,TT,81,9,2
14-Mar-20,AN,0,0,0
14-Mar-20,AP,1,0,0
14-Mar-20,AR,0,0,0
14-Mar-20,AS,0,0,0
14-Mar-20,BR,0,0,0
14-Mar-20,CH,0,0,0
14-Mar-20,CT,0,0,0
14-Mar-20,DN,0,0,0
14-Mar-20,DD,0,0,0
14-Mar-20,DL,7,1,1
14-Mar-20,GA,0,0,0
14-Mar-20,GJ,0,0,0
14-Mar-20,HR,14,0,0
14-Mar-20,HP,0,0,0
14-Mar-20,JK,2,0,0
14-Mar-20,JH,0,0,0
14-Mar-20,KA,6,0,1
14-Mar-20,KL,19,3,0
14-Mar-20,LA,0,0,0
14-Mar-20,LD,0,0,0
14-Mar-20,MP,0,0,0
14-Mar-20,MH,14,0,0
14-Mar-20,MN,0,0,0
14-Mar-20,ML,0,0,0
14-Mar-20,MZ,0,0,0
14-Mar-20,NL,0,0,0
14-Mar-20,OR,0,0,0
14-Mar-20,PY,0,0,0
14-Mar-20,PB,1,0,0
14-Mar-20,RJ,3,1,0
14-Mar-20,SK,0,0,0
14-Mar-20,TN,1,0,0
14-Mar-20,TG,1,0,0
14-Mar-20,TR,0,0,0
14-Mar-20,UP,12,4,0
14-Mar-20,UT,0,0,0
14-Mar-20,WB,0,0,0
14-Mar-20,UN,0,0,0
15-Mar-20,TT,27,4,0
15-Mar-20,AN,0,0,0
15-Mar-20,AP,0,0,0
15-Mar-20,AR,0,0,0
15-Mar-20,AS,0,0,0
15-Mar-20,BR,0,0,0
15-Mar-20,CH,0,0,0
15-Mar-20,CT,0,0,0
15-Mar-20,DN,0,0,0
15-Mar-20,DD,0,0,0
15-Mar-20,DL,0,1,0
15-Mar-20,GA,0,0,0
15-Mar-20,GJ,0,0,0
15-Mar-20,HR,0,0,0
15-Mar-20,HP,0,0,0
15-Mar-20,JK,0,0,0
15-Mar-20,JH,0,0,0
15-Mar-20,KA,0,0,0
15-Mar-20,KL,5,0,0
15-Mar-20,LA,0,0,0
15-Mar-20,LD,0,0,0
15-Mar-20,MP,0,0,0
15-Mar-20,MH,18,0,0
15-Mar-20,MN,0,0,0
15-Mar-20,ML,0,0,0
15-Mar-20,MZ,0,0,0
15-Mar-20,NL,0,0,0
15-Mar-20,OR,0,0,0
15-Mar-20,PY,0,0,0
15-Mar-20,PB,0,0,0
15-Mar-20,RJ,1,2,0
15-Mar-20,SK,0,0,0
15-Mar-20,TN,0,0,0
15-Mar-20,TG,2,1,0
15-Mar-20,TR,0,0,0
15-Mar-20,UP,1,0,0
15-Mar-20,UT,0,0,0
15-Mar-20,WB,0,0,0
15-Mar-20,UN,0,0,0
16-Mar-20,TT,15,1,0
16-Mar-20,AN,0,0,0
16-Mar-20,AP,0,0,0
16-Mar-20,AR,0,0,0
16-Mar-20,AS,0,0,0
16-Mar-20,BR,0,0,0
16-Mar-20,CH,0,0,0
16-Mar-20,CT,0,0,0
16-Mar-20,DN,0,0,0
16-Mar-20,DD,0,0,0
16-Mar-20,DL,0,0,0
16-Mar-20,GA,0,0,0
16-Mar-20,GJ,0,0,0
16-Mar-20,HR,0,0,0
16-Mar-20,HP,0,0,0
16-Mar-20,JK,1,0,0
16-Mar-20,JH,0,0,0
16-Mar-20,KA,1,0,0
16-Mar-20,KL,3,0,0
16-Mar-20,LA,0,0,0
16-Mar-20,LD,0,0,0
16-Mar-20,MP,0,0,0
16-Mar-20,MH,6,0,0
16-Mar-20,MN,0,0,0
16-Mar-20,ML,0,0,0
16-Mar-20,MZ,0,0,0
16-Mar-20,NL,0,0,0
16-Mar-20,OR,1,0,0
16-Mar-20,PY,1,0,0
16-Mar-20,PB,0,0,0
16-Mar-20,RJ,0,0,0
16-Mar-20,SK,0,0,0
16-Mar-20,TN,0,1,0
16-Mar-20,TG,1,0,0
16-Mar-20,TR,0,0,0
16-Mar-20,UP,0,0,0
16-Mar-20,UT,1,0,0
16-Mar-20,WB,0,0,0
16-Mar-20,UN,0,0,0
17-Mar-20,TT,11,1,1
17-Mar-20,AN,0,0,0
17-Mar-20,AP,0,0,0
17-Mar-20,AR,0,0,0
17-Mar-20,AS,0,0,0
17-Mar-20,BR,0,0,0
17-Mar-20,CH,0,0,0
17-Mar-20,CT,0,0,0
17-Mar-20,DN,0,0,0
17-Mar-20,DD,0,0,0
17-Mar-20,DL,1,0,0
17-Mar-20,GA,0,0,0
17-Mar-20,GJ,0,0,0
17-Mar-20,HR,1,0,0
17-Mar-20,HP,0,0,0
17-Mar-20,JK,0,0,0
17-Mar-20,JH,0,0,0
17-Mar-20,KA,2,0,0
17-Mar-20,KL,0,0,0
17-Mar-20,LA,0,0,0
17-Mar-20,LD,0,0,0
17-Mar-20,MP,0,0,0
17-Mar-20,MH,3,0,1
17-Mar-20,MN,0,0,0
17-Mar-20,ML,0,0,0
17-Mar-20,MZ,0,0,0
17-Mar-20,NL,0,0,0
17-Mar-20,OR,0,0,0
17-Mar-20,PY,0,0,0
17-Mar-20,PB,0,0,0
17-Mar-20,RJ,0,0,0
17-Mar-20,SK,0,0,0
17-Mar-20,TN,0,0,0
17-Mar-20,TG,1,0,0
17-Mar-20,TR,0,0,0
17-Mar-20,UP,2,1,0
17-Mar-20,UT,0,0,0
17-Mar-20,WB,1,0,0
17-Mar-20,UN,0,0,0
18-Mar-20,TT,37,0,0
18-Mar-20,AN,0,0,0
18-Mar-20,AP,0,0,0
18-Mar-20,AR,0,0,0
18-Mar-20,AS,0,0,0
18-Mar-20,BR,0,0,0
18-Mar-20,CH,0,0,0
18-Mar-20,CT,0,0,0
18-Mar-20,DN,0,0,0
18-Mar-20,DD,0,0,0
18-Mar-20,DL,2,0,0
18-Mar-20,GA,0,0,0
18-Mar-20,GJ,0,0,0
18-Mar-20,HR,1,0,0
18-Mar-20,HP,0,0,0
18-Mar-20,JK,1,0,0
18-Mar-20,JH,0,0,0
18-Mar-20,KA,5,0,0
18-Mar-20,KL,0,0,0
18-Mar-20,LA,8,0,0
18-Mar-20,LD,0,0,0
18-Mar-20,MP,0,0,0
18-Mar-20,MH,3,0,0
18-Mar-20,MN,0,0,0
18-Mar-20,ML,0,0,0
18-Mar-20,MZ,0,0,0
18-Mar-20,NL,0,0,0
18-Mar-20,OR,1,0,0
18-Mar-20,PY,0,0,0
18-Mar-20,PB,1,0,0
18-Mar-20,RJ,3,0,0
18-Mar-20,SK,0,0,0
18-Mar-20,TN,1,0,0
18-Mar-20,TG,8,0,0
18-Mar-20,TR,0,0,0
18-Mar-20,UP,2,0,0
18-Mar-20,UT,1,0,0
18-Mar-20,WB,0,0,0
18-Mar-20,UN,0,0,0
19-Mar-20,TT,27,5,1
19-Mar-20,AN,0,0,0
19-Mar-20,AP,2,0,0
19-Mar-20,AR,0,0,0
19-Mar-20,AS,0,0,0
19-Mar-20,BR,0,0,0
19-Mar-20,CH,1,0,0
19-Mar-20,CT,1,0,0
19-Mar-20,DN,0,0,0
19-Mar-20,DD,0,0,0
19-Mar-20,DL,4,1,0
19-Mar-20,GA,0,0,0
19-Mar-20,GJ,2,0,0
19-Mar-20,HR,1,0,0
19-Mar-20,HP,0,0,0
19-Mar-20,JK,0,0,0
19-Mar-20,JH,0,0,0
19-Mar-20,KA,1,0,0
19-Mar-20,KL,1,0,0
19-Mar-20,LA,0,0,0
19-Mar-20,LD,0,0,0
19-Mar-20,MP,0,0,0
19-Mar-20,MH,4,0,0
19-Mar-20,MN,0,0,0
19-Mar-20,ML,0,0,0
19-Mar-20,MZ,0,0,0
19-Mar-20,NL,0,0,0
19-Mar-20,OR,0,0,0
19-Mar-20,PY,0,0,0
19-Mar-20,PB,0,0,1
19-Mar-20,RJ,2,0,0
19-Mar-20,SK,0,0,0
19-Mar-20,TN,1,0,0
19-Mar-20,TG,3,0,0
19-Mar-20,TR,0,0,0
19-Mar-20,UP,3,4,0
19-Mar-20,UT,1,0,0
19-Mar-20,WB,0,0,0
19-Mar-20,UN,0,0,0
20-Mar-20,TT,58,3,0
20-Mar-20,AN,0,0,0
20-Mar-20,AP,0,0,0
20-Mar-20,AR,0,0,0
20-Mar-20,AS,0,0,0
20-Mar-20,BR,0,0,0
20-Mar-20,CH,4,0,0
20-Mar-20,CT,0,0,0
20-Mar-20,DN,0,0,0
20-Mar-20,DD,0,0,0
20-Mar-20,DL,6,2,0
20-Mar-20,GA,0,0,0
20-Mar-20,GJ,5,0,0
20-Mar-20,HR,2,0,0
20-Mar-20,HP,2,0,0
20-Mar-20,JK,0,0,0
20-Mar-20,JH,0,0,0
20-Mar-20,KA,0,1,0
20-Mar-20,KL,12,0,0
20-Mar-20,LA,2,0,0
20-Mar-20,LD,0,0,0
20-Mar-20,MP,4,0,0
20-Mar-20,MH,4,0,0
20-Mar-20,MN,0,0,0
20-Mar-20,ML,0,0,0
20-Mar-20,MZ,0,0,0
20-Mar-20,NL,0,0,0
20-Mar-20,OR,0,0,0
20-Mar-20,PY,0,0,0
20-Mar-20,PB,1,0,0
20-Mar-20,RJ,8,0,0
20-Mar-20,SK,0,0,0
20-Mar-20,TN,0,0,0
20-Mar-20,TG,3,0,0
20-Mar-20,TR,0,0,0
20-Mar-20,UP,4,0,0
20-Mar-20,UT,0,0,0
20-Mar-20,WB,1,0,0
20-Mar-20,UN,0,0,0
21-Mar-20,TT,78,0,0
21-Mar-20,AN,0,0,0
21-Mar-20,AP,2,0,0
21-Mar-20,AR,0,0,0
21-Mar-20,AS,0,0,0
21-Mar-20,BR,0,0,0
21-Mar-20,CH,0,0,0
21-Mar-20,CT,0,0,0
21-Mar-20,DN,0,0,0
21-Mar-20,DD,0,0,0
21-Mar-20,DL,7,0,0
21-Mar-20,GA,0,0,0
21-Mar-20,GJ,7,0,0
21-Mar-20,HR,2,0,0
21-Mar-20,HP,0,0,0
21-Mar-20,JK,0,0,0
21-Mar-20,JH,0,0,0
21-Mar-20,KA,5,0,0
21-Mar-20,KL,12,0,0
21-Mar-20,LA,3,0,0
21-Mar-20,LD,0,0,0
21-Mar-20,MP,0,0,0
21-Mar-20,MH,12,0,0
21-Mar-20,MN,0,0,0
21-Mar-20,ML,0,0,0
21-Mar-20,MZ,0,0,0
21-Mar-20,NL,0,0,0
21-Mar-20,OR,0,0,0
21-Mar-20,PY,0,0,0
21-Mar-20,PB,10,0,0
21-Mar-20,RJ,7,0,0
21-Mar-20,SK,0,0,0
21-Mar-20,TN,3,0,0
21-Mar-20,TG,2,0,0
21-Mar-20,TR,0,0,0
21-Mar-20,UP,4,0,0
21-Mar-20,UT,0,0,0
21-Mar-20,WB,2,0,0
21-Mar-20,UN,0,0,0
22-Mar-20,TT,67,0,3
22-Mar-20,AN,0,0,0
22-Mar-20,AP,1,0,0
22-Mar-20,AR,0,0,0
22-Mar-20,AS,0,0,0
22-Mar-20,BR,2,0,1
22-Mar-20,CH,1,0,0
22-Mar-20,CT,0,0,0
22-Mar-20,DN,0,0,0
22-Mar-20,DD,0,0,0
22-Mar-20,DL,0,0,0
22-Mar-20,GA,0,0,0
22-Mar-20,GJ,4,0,1
22-Mar-20,HR,0,0,0
22-Mar-20,HP,0,0,0
22-Mar-20,JK,0,0,0
22-Mar-20,JH,0,0,0
22-Mar-20,KA,6,0,0
22-Mar-20,KL,15,0,0
22-Mar-20,LA,0,0,0
22-Mar-20,LD,0,0,0
22-Mar-20,MP,2,0,0
22-Mar-20,MH,10,0,1
22-Mar-20,MN,0,0,0
22-Mar-20,ML,0,0,0
22-Mar-20,MZ,0,0,0
22-Mar-20,NL,0,0,0
22-Mar-20,OR,0,0,0
22-Mar-20,PY,0,0,0
22-Mar-20,PB,8,0,0
22-Mar-20,RJ,4,0,0
22-Mar-20,SK,0,0,0
22-Mar-20,TN,3,0,0
22-Mar-20,TG,6,0,0
22-Mar-20,TR,0,0,0
22-Mar-20,UP,2,0,0
22-Mar-20,UT,0,0,0
22-Mar-20,WB,3,0,0
22-Mar-20,UN,0,0,0
23-Mar-20,TT,102,12,2
23-Mar-20,AN,0,0,0
23-Mar-20,AP,1,0,0
23-Mar-20,AR,0,0,0
23-Mar-20,AS,0,0,0
23-Mar-20,BR,1,0,0
23-Mar-20,CH,1,0,0
23-Mar-20,CT,0,0,0
23-Mar-20,DN,0,0,0
23-Mar-20,DD,0,0,0
23-Mar-20,DL,3,0,0
23-Mar-20,GA,0,0,0
23-Mar-20,GJ,12,0,0
23-Mar-20,HR,7,11,0
23-Mar-20,HP,1,0,1
23-Mar-20,JK,0,0,0
23-Mar-20,JH,0,0,0
23-Mar-20,KA,7,1,0
23-Mar-20,KL,28,0,0
23-Mar-20,LA,0,0,0
23-Mar-20,LD,0,0,0
23-Mar-20,MP,0,0,0
23-Mar-20,MH,23,0,0
23-Mar-20,MN,0,0,0
23-Mar-20,ML,0,0,0
23-Mar-20,MZ,0,0,0
23-Mar-20,NL,0,0,0
23-Mar-20,OR,0,0,0
23-Mar-20,PY,0,0,0
23-Mar-20,PB,2,0,0
23-Mar-20,RJ,4,0,0
23-Mar-20,SK,0,0,0
23-Mar-20,TN,3,0,0
23-Mar-20,TG,6,0,0
23-Mar-20,TR,0,0,0
23-Mar-20,UP,2,0,0
23-Mar-20,UT,1,0,0
23-Mar-20,WB,0,0,1
23-Mar-20,UN,0,0,0
24-Mar-20,TT,64,5,1
24-Mar-20,AN,0,0,0
24-Mar-20,AP,1,0,0
24-Mar-20,AR,0,0,0
24-Mar-20,AS,0,0,0
24-Mar-20,BR,0,0,0
24-Mar-20,CH,0,0,0
24-Mar-20,CT,0,0,0
24-Mar-20,DN,0,0,0
24-Mar-20,DD,0,0,0
24-Mar-20,DL,0,1,0
24-Mar-20,GA,0,0,0
24-Mar-20,GJ,4,0,0
24-Mar-20,HR,2,0,0
24-Mar-20,HP,0,0,0
24-Mar-20,JK,2,0,0
24-Mar-20,JH,0,0,0
24-Mar-20,KA,8,1,0
24-Mar-20,KL,14,1,0
24-Mar-20,LA,0,0,0
24-Mar-20,LD,0,0,0
24-Mar-20,MP,1,0,0
24-Mar-20,MH,10,0,0
24-Mar-20,MN,1,0,0
24-Mar-20,ML,0,0,0
24-Mar-20,MZ,0,0,0
24-Mar-20,NL,0,0,0
24-Mar-20,OR,0,0,0
24-Mar-20,PY,0,0,0
24-Mar-20,PB,6,0,0
24-Mar-20,RJ,0,0,0
24-Mar-20,SK,0,0,0
24-Mar-20,TN,6,0,1
24-Mar-20,TG,4,0,0
24-Mar-20,TR,0,0,0
24-Mar-20,UP,3,2,0
24-Mar-20,UT,0,0,0
24-Mar-20,WB,2,0,0
24-Mar-20,UN,0,0,0
25-Mar-20,TT,90,3,1
25-Mar-20,AN,0,0,0
25-Mar-20,AP,2,1,0
25-Mar-20,AR,0,0,0
25-Mar-20,AS,0,0,0
25-Mar-20,BR,1,0,0
25-Mar-20,CH,0,0,0
25-Mar-20,CT,2,0,0
25-Mar-20,DN,0,0,0
25-Mar-20,DD,0,0,0
25-Mar-20,DL,5,0,0
25-Mar-20,GA,3,0,0
25-Mar-20,GJ,4,0,0
25-Mar-20,HR,1,0,0
25-Mar-20,HP,0,0,0
25-Mar-20,JK,5,1,0
25-Mar-20,JH,0,0,0
25-Mar-20,KA,10,0,0
25-Mar-20,KL,9,0,0
25-Mar-20,LA,0,0,0
25-Mar-20,LD,0,0,0
25-Mar-20,MP,8,0,1
25-Mar-20,MH,15,1,0
25-Mar-20,MN,0,0,0
25-Mar-20,ML,0,0,0
25-Mar-20,MZ,1,0,0
25-Mar-20,NL,0,0,0
25-Mar-20,OR,0,0,0
25-Mar-20,PY,0,0,0
25-Mar-20,PB,2,0,0
25-Mar-20,RJ,6,0,0
25-Mar-20,SK,0,0,0
25-Mar-20,TN,8,0,0
25-Mar-20,TG,4,0,0
25-Mar-20,TR,0,0,0
25-Mar-20,UP,3,0,0
25-Mar-20,UT,1,0,0
25-Mar-20,WB,0,0,0
25-Mar-20,UN,0,0,0
26-Mar-20,TT,65,7,5
26-Mar-20,AN,1,0,0
26-Mar-20,AP,1,0,0
26-Mar-20,AR,0,0,0
26-Mar-20,AS,0,0,0
26-Mar-20,BR,3,0,0
26-Mar-20,CH,0,0,0
26-Mar-20,CT,3,0,0
26-Mar-20,DN,0,0,0
26-Mar-20,DD,0,0,0
26-Mar-20,DL,1,0,0
26-Mar-20,GA,0,0,0
26-Mar-20,GJ,5,0,2
26-Mar-20,HR,1,0,0
26-Mar-20,HP,0,0,0
26-Mar-20,JK,3,0,1
26-Mar-20,JH,0,0,0
26-Mar-20,KA,4,0,1
26-Mar-20,KL,19,7,0
26-Mar-20,LA,0,0,0
26-Mar-20,LD,0,0,0
26-Mar-20,MP,5,0,0
26-Mar-20,MH,3,0,1
26-Mar-20,MN,0,0,0
26-Mar-20,ML,0,0,0
26-Mar-20,MZ,0,0,0
26-Mar-20,NL,0,0,0
26-Mar-20,OR,1,0,0
26-Mar-20,PY,0,0,0
26-Mar-20,PB,2,0,0
26-Mar-20,RJ,2,0,0
26-Mar-20,SK,0,0,0
26-Mar-20,TN,3,0,0
26-Mar-20,TG,3,0,0
26-Mar-20,TR,0,0,0
26-Mar-20,UP,4,0,0
26-Mar-20,UT,0,0,0
26-Mar-20,WB,1,0,0
26-Mar-20,UN,0,0,0
27-Mar-20,TT,164,26,3
27-Mar-20,AN,5,0,0
27-Mar-20,AP,2,0,0
27-Mar-20,AR,0,0,0
27-Mar-20,AS,0,0,0
27-Mar-20,BR,2,0,0
27-Mar-20,CH,1,0,0
27-Mar-20,CT,0,0,0
27-Mar-20,DN,0,0,0
27-Mar-20,DD,0,0,0
27-Mar-20,DL,4,0,0
27-Mar-20,GA,0,0,0
27-Mar-20,GJ,4,0,0
27-Mar-20,HR,1,0,0
27-Mar-20,HP,0,1,0
27-Mar-20,JK,6,0,0
27-Mar-20,JH,0,0,0
27-Mar-20,KA,9,2,1
27-Mar-20,KL,39,0,0
27-Mar-20,LA,0,3,0
27-Mar-20,LD,0,0,0
27-Mar-20,MP,9,0,1
27-Mar-20,MH,31,18,1
27-Mar-20,MN,0,0,0
27-Mar-20,ML,0,0,0
27-Mar-20,MZ,0,0,0
27-Mar-20,NL,0,0,0
27-Mar-20,OR,0,0,0
27-Mar-20,PY,0,0,0
27-Mar-20,PB,5,1,0
27-Mar-20,RJ,10,0,0
27-Mar-20,SK,0,0,0
27-Mar-20,TN,9,1,0
27-Mar-20,TG,15,0,0
27-Mar-20,TR,0,0,0
27-Mar-20,UP,7,0,0
27-Mar-20,UT,0,0,0
27-Mar-20,WB,5,0,0
27-Mar-20,UN,0,0,0
28-Mar-20,TT,143,9,5
28-Mar-20,AN,3,0,0
28-Mar-20,AP,6,0,0
28-Mar-20,AR,0,0,0
28-Mar-20,AS,0,0,0
28-Mar-20,BR,2,0,0
28-Mar-20,CH,0,0,0
28-Mar-20,CT,1,0,0
28-Mar-20,DN,0,0,0
28-Mar-20,DD,0,0,0
28-Mar-20,DL,9,0,0
28-Mar-20,GA,0,0,0
28-Mar-20,GJ,8,0,1
28-Mar-20,HR,2,0,0
28-Mar-20,HP,0,1,0
28-Mar-20,JK,13,0,0
28-Mar-20,JH,0,0,0
28-Mar-20,KA,17,0,0
28-Mar-20,KL,6,1,1
28-Mar-20,LA,0,0,0
28-Mar-20,LD,0,0,0
28-Mar-20,MP,10,0,0
28-Mar-20,MH,30,6,2
28-Mar-20,MN,0,0,0
28-Mar-20,ML,0,0,0
28-Mar-20,MZ,0,0,0
28-Mar-20,NL,0,0,0
28-Mar-20,OR,0,0,0
28-Mar-20,PY,0,0,0
28-Mar-20,PB,0,0,0
28-Mar-20,RJ,4,0,0
28-Mar-20,SK,0,0,0
28-Mar-20,TN,4,0,0
28-Mar-20,TG,8,0,1
28-Mar-20,TR,0,0,0
28-Mar-20,UP,16,0,0
28-Mar-20,UT,1,1,0
28-Mar-20,WB,3,0,0
28-Mar-20,UN,0,0,0
29-Mar-20,TT,110,5,3
29-Mar-20,AN,0,0,0
29-Mar-20,AP,2,0,0
29-Mar-20,AR,0,0,0
29-Mar-20,AS,0,0,0
29-Mar-20,BR,4,0,0
29-Mar-20,CH,0,0,0
29-Mar-20,CT,0,0,0
29-Mar-20,DN,0,0,0
29-Mar-20,DD,0,0,0
29-Mar-20,DL,23,0,1
29-Mar-20,GA,2,0,0
29-Mar-20,GJ,8,1,1
29-Mar-20,HR,0,0,0
29-Mar-20,HP,0,0,0
29-Mar-20,JK,5,0,0
29-Mar-20,JH,0,0,0
29-Mar-20,KA,2,0,0
29-Mar-20,KL,20,4,0
29-Mar-20,LA,0,0,0
29-Mar-20,LD,0,0,0
29-Mar-20,MP,0,0,0
29-Mar-20,MH,17,0,1
29-Mar-20,MN,0,0,0
29-Mar-20,ML,0,0,0
29-Mar-20,MZ,0,0,0
29-Mar-20,NL,0,0,0
29-Mar-20,OR,0,0,0
29-Mar-20,PY,0,0,0
29-Mar-20,PB,0,0,0
29-Mar-20,RJ,5,0,0
29-Mar-20,SK,0,0,0
29-Mar-20,TN,8,0,0
29-Mar-20,TG,3,0,0
29-Mar-20,TR,0,0,0
29-Mar-20,UP,7,0,0
29-Mar-20,UT,1,0,0
29-Mar-20,WB,3,0,0
29-Mar-20,UN,0,0,0
30-Mar-20,TT,187,49,13
30-Mar-20,AN,1,0,0
30-Mar-20,AP,2,0,0
30-Mar-20,AR,0,0,0
30-Mar-20,AS,0,0,0
30-Mar-20,BR,0,0,0
30-Mar-20,CH,5,0,0
30-Mar-20,CT,1,0,0
30-Mar-20,DN,0,0,0
30-Mar-20,DD,0,0,0
30-Mar-20,DL,25,0,0
30-Mar-20,GA,0,0,0
30-Mar-20,GJ,7,2,1
30-Mar-20,HR,1,6,0
30-Mar-20,HP,0,0,0
30-Mar-20,JK,11,0,0
30-Mar-20,JH,0,0,0
30-Mar-20,KA,5,1,0
30-Mar-20,KL,32,4,0
30-Mar-20,LA,0,0,0
30-Mar-20,LD,0,0,0
30-Mar-20,MP,8,0,2
30-Mar-20,MH,17,14,2
30-Mar-20,MN,0,0,0
30-Mar-20,ML,0,0,0
30-Mar-20,MZ,0,0,0
30-Mar-20,NL,0,0,0
30-Mar-20,OR,0,0,0
30-Mar-20,PY,0,0,0
30-Mar-20,PB,3,0,2
30-Mar-20,RJ,20,0,0
30-Mar-20,SK,0,0,0
30-Mar-20,TN,17,2,0
30-Mar-20,TG,7,13,5
30-Mar-20,TR,0,0,0
30-Mar-20,UP,24,6,0
30-Mar-20,UT,0,1,0
30-Mar-20,WB,1,0,1
30-Mar-20,UN,0,0,0
31-Mar-20,TT,309,15,6
31-Mar-20,AN,0,0,0
31-Mar-20,AP,21,0,0
31-Mar-20,AR,0,0,0
31-Mar-20,AS,1,0,0
31-Mar-20,BR,6,0,0
31-Mar-20,CH,2,0,0
31-Mar-20,CT,1,2,0
31-Mar-20,DN,0,0,0
31-Mar-20,DD,0,0,0
31-Mar-20,DL,23,0,0
31-Mar-20,GA,0,0,0
31-Mar-20,GJ,4,2,0
31-Mar-20,HR,7,0,0
31-Mar-20,HP,0,0,0
31-Mar-20,JK,6,0,1
31-Mar-20,JH,1,0,0
31-Mar-20,KA,13,2,0
31-Mar-20,KL,7,4,1
31-Mar-20,LA,0,0,0
31-Mar-20,LD,0,0,0
31-Mar-20,MP,19,0,1
31-Mar-20,MH,82,0,1
31-Mar-20,MN,0,0,0
31-Mar-20,ML,0,0,0
31-Mar-20,MZ,0,0,0
31-Mar-20,NL,0,0,0
31-Mar-20,OR,1,0,0
31-Mar-20,PY,0,0,0
31-Mar-20,PB,1,0,1
31-Mar-20,RJ,14,0,0
31-Mar-20,SK,0,0,0
31-Mar-20,TN,57,2,0
31-Mar-20,TG,20,0,0
31-Mar-20,TR,0,0,0
31-Mar-20,UP,8,0,0
31-Mar-20,UT,0,0,0
31-Mar-20,WB,15,3,1
31-Mar-20,UN,0,0,0
01-Apr-20,TT,424,16,9
01-Apr-20,AN,0,0,0
01-Apr-20,AP,67,1,0
01-Apr-20,AR,0,0,0
01-Apr-20,AS,15,0,0
01-Apr-20,BR,3,0,0
01-Apr-20,CH,2,0,0
01-Apr-20,CT,0,0,0
01-Apr-20,DN,0,0,0
01-Apr-20,DD,0,0,0
01-Apr-20,DL,32,0,0
01-Apr-20,GA,0,0,0
01-Apr-20,GJ,13,0,0
01-Apr-20,HR,0,10,0
01-Apr-20,HP,0,0,0
01-Apr-20,JK,7,1,0
01-Apr-20,JH,0,0,0
01-Apr-20,KA,9,1,0
01-Apr-20,KL,24,2,0
01-Apr-20,LA,0,0,0
01-Apr-20,LD,0,0,0
01-Apr-20,MP,32,0,1
01-Apr-20,MH,33,0,3
01-Apr-20,MN,0,0,0
01-Apr-20,ML,0,0,0
01-Apr-20,MZ,0,0,0
01-Apr-20,NL,0,0,0
01-Apr-20,OR,1,1,0
01-Apr-20,PY,2,0,0
01-Apr-20,PB,4,0,0
01-Apr-20,RJ,27,0,0
01-Apr-20,SK,0,0,0
01-Apr-20,TN,110,0,0
01-Apr-20,TG,30,0,3
01-Apr-20,TR,0,0,0
01-Apr-20,UP,13,0,2
01-Apr-20,UT,0,0,0
01-Apr-20,WB,0,0,0
01-Apr-20,UN,0,0,0
02-Apr-20,TT,486,22,14
02-Apr-20,AN,0,0,0
02-Apr-20,AP,38,0,0
02-Apr-20,AR,1,0,0
02-Apr-20,AS,0,0,0
02-Apr-20,BR,5,3,0
02-Apr-20,CH,1,0,0
02-Apr-20,CT,0,1,0
02-Apr-20,DN,0,0,0
02-Apr-20,DD,0,0,0
02-Apr-20,DL,141,2,2
02-Apr-20,GA,0,0,0
02-Apr-20,GJ,1,5,1
02-Apr-20,HR,6,0,0
02-Apr-20,HP,3,0,0
02-Apr-20,JK,8,1,0
02-Apr-20,JH,1,0,0
02-Apr-20,KA,14,2,0
02-Apr-20,KL,21,2,0
02-Apr-20,LA,0,0,0
02-Apr-20,LD,0,0,0
02-Apr-20,MP,9,0,2
02-Apr-20,MH,88,3,8
02-Apr-20,MN,1,0,0
02-Apr-20,ML,0,0,0
02-Apr-20,MZ,0,0,0
02-Apr-20,NL,0,0,0
02-Apr-20,OR,0,0,0
02-Apr-20,PY,2,0,0
02-Apr-20,PB,1,0,1
02-Apr-20,RJ,13,0,0
02-Apr-20,SK,0,0,0
02-Apr-20,TN,75,0,0
02-Apr-20,TG,27,3,0
02-Apr-20,TR,0,0,0
02-Apr-20,UP,11,0,0
02-Apr-20,UT,3,0,0
02-Apr-20,WB,16,0,0
02-Apr-20,UN,0,0,0
03-Apr-20,TT,560,38,14
03-Apr-20,AN,0,0,0
03-Apr-20,AP,15,0,1
03-Apr-20,AR,0,0,0
03-Apr-20,AS,7,0,0
03-Apr-20,BR,2,0,0
03-Apr-20,CH,0,0,0
03-Apr-20,CT,0,0,0
03-Apr-20,DN,0,0,0
03-Apr-20,DD,0,0,0
03-Apr-20,DL,93,0,2
03-Apr-20,GA,1,0,0
03-Apr-20,GJ,7,0,2
03-Apr-20,HR,9,0,0
03-Apr-20,HP,0,0,1
03-Apr-20,JK,5,0,0
03-Apr-20,JH,0,0,0
03-Apr-20,KA,4,0,1
03-Apr-20,KL,9,14,0
03-Apr-20,LA,1,0,0
03-Apr-20,LD,0,0,0
03-Apr-20,MP,47,0,0
03-Apr-20,MH,64,8,5
03-Apr-20,MN,0,0,0
03-Apr-20,ML,0,0,0
03-Apr-20,MZ,0,0,0
03-Apr-20,NL,0,0,0
03-Apr-20,OR,15,1,0
03-Apr-20,PY,0,0,0
03-Apr-20,PB,6,0,0
03-Apr-20,RJ,46,0,0
03-Apr-20,SK,0,0,0
03-Apr-20,TN,102,0,0
03-Apr-20,TG,75,15,2
03-Apr-20,TR,0,0,0
03-Apr-20,UP,46,0,0
03-Apr-20,UT,6,0,0
03-Apr-20,WB,0,0,0
03-Apr-20,UN,0,0,0
04-Apr-20,TT,579,56,13
04-Apr-20,AN,0,0,0
04-Apr-20,AP,28,0,0
04-Apr-20,AR,0,0,0
04-Apr-20,AS,3,0,0
04-Apr-20,BR,1,0,0
04-Apr-20,CH,0,3,0
04-Apr-20,CT,1,0,0
04-Apr-20,DN,0,0,0
04-Apr-20,DD,0,0,0
04-Apr-20,DL,59,8,0
04-Apr-20,GA,1,0,0
04-Apr-20,GJ,13,3,1
04-Apr-20,HR,26,1,0
04-Apr-20,HP,7,0,0
04-Apr-20,JK,17,0,0
04-Apr-20,JH,0,0,0
04-Apr-20,KA,16,0,0
04-Apr-20,KL,11,8,0
04-Apr-20,LA,0,0,0
04-Apr-20,LD,0,0,0
04-Apr-20,MP,25,0,3
04-Apr-20,MH,148,2,6
04-Apr-20,MN,0,0,0
04-Apr-20,ML,0,0,0
04-Apr-20,MZ,0,0,0
04-Apr-20,NL,0,0,0
04-Apr-20,OR,1,0,0
04-Apr-20,PY,0,0,0
04-Apr-20,PB,12,2,0
04-Apr-20,RJ,27,22,1
04-Apr-20,SK,0,0,0
04-Apr-20,TN,74,2,2
04-Apr-20,TG,43,1,0
04-Apr-20,TR,0,0,0
04-Apr-20,UP,60,4,0
04-Apr-20,UT,6,0,0
04-Apr-20,WB,0,0,0
04-Apr-20,UN,0,0,0
05-Apr-20,TT,609,43,22
05-Apr-20,AN,0,0,0
05-Apr-20,AP,64,3,0
05-Apr-20,AR,0,0,0
05-Apr-20,AS,0,0,0
05-Apr-20,BR,0,0,0
05-Apr-20,CH,0,2,0
05-Apr-20,CT,0,5,0
05-Apr-20,DN,0,0,0
05-Apr-20,DD,0,0,0
05-Apr-20,DL,58,0,1
05-Apr-20,GA,0,0,0
05-Apr-20,GJ,20,8,1
05-Apr-20,HR,6,0,0
05-Apr-20,HP,1,0,0
05-Apr-20,JK,14,1,0
05-Apr-20,JH,1,0,0
05-Apr-20,KA,7,1,0
05-Apr-20,KL,8,6,0
05-Apr-20,LA,0,0,0
05-Apr-20,LD,0,0,0
05-Apr-20,MP,14,3,2
05-Apr-20,MH,112,4,13
05-Apr-20,MN,0,0,0
05-Apr-20,ML,0,0,0
05-Apr-20,MZ,0,0,0
05-Apr-20,NL,0,0,0
05-Apr-20,OR,18,0,0
05-Apr-20,PY,0,0,0
05-Apr-20,PB,3,1,2
05-Apr-20,RJ,60,0,0
05-Apr-20,SK,0,0,0
05-Apr-20,TN,86,0,2
05-Apr-20,TG,62,0,0
05-Apr-20,TR,0,0,0
05-Apr-20,UP,44,0,1
05-Apr-20,UT,4,2,0
05-Apr-20,WB,27,7,0
05-Apr-20,UN,0,0,0
06-Apr-20,TT,484,65,16
06-Apr-20,AN,0,0,0
06-Apr-20,AP,47,0,2
06-Apr-20,AR,0,0,0
06-Apr-20,AS,0,0,0
06-Apr-20,BR,0,6,0
06-Apr-20,CH,0,0,0
06-Apr-20,CT,0,0,0
06-Apr-20,DN,0,0,0
06-Apr-20,DD,0,0,0
06-Apr-20,DL,22,0,0
06-Apr-20,GA,0,0,0
06-Apr-20,GJ,18,1,1
06-Apr-20,HR,20,0,2
06-Apr-20,HP,4,0,0
06-Apr-20,JK,3,0,0
06-Apr-20,JH,1,0,0
06-Apr-20,KA,12,8,0
06-Apr-20,KL,13,3,0
06-Apr-20,LA,0,7,0
06-Apr-20,LD,0,0,0
06-Apr-20,MP,63,8,2
06-Apr-20,MH,121,14,7
06-Apr-20,MN,0,1,0
06-Apr-20,ML,0,0,0
06-Apr-20,MZ,0,0,0
06-Apr-20,NL,0,0,0
06-Apr-20,OR,1,0,0
06-Apr-20,PY,0,0,0
06-Apr-20,PB,11,0,0
06-Apr-20,RJ,35,0,1
06-Apr-20,SK,0,0,0
06-Apr-20,TN,50,5,1
06-Apr-20,TG,30,12,0
06-Apr-20,TR,1,0,0
06-Apr-20,UP,27,0,0
06-Apr-20,UT,5,0,0
06-Apr-20,WB,0,0,0
06-Apr-20,UN,0,0,0
07-Apr-20,TT,572,75,27
07-Apr-20,AN,0,0,0
07-Apr-20,AP,11,0,1
07-Apr-20,AR,0,0,0
07-Apr-20,AS,2,0,0
07-Apr-20,BR,6,6,0
07-Apr-20,CH,0,2,0
07-Apr-20,CT,0,1,0
07-Apr-20,DN,0,0,0
07-Apr-20,DD,0,0,0
07-Apr-20,DL,51,4,2
07-Apr-20,GA,0,0,0
07-Apr-20,GJ,29,3,2
07-Apr-20,HR,33,2,0
07-Apr-20,HP,9,1,0
07-Apr-20,JK,16,0,1
07-Apr-20,JH,0,0,0
07-Apr-20,KA,12,5,0
07-Apr-20,KL,9,12,0
07-Apr-20,LA,0,0,0
07-Apr-20,LD,0,0,0
07-Apr-20,MP,34,10,6
07-Apr-20,MH,150,9,12
07-Apr-20,MN,0,0,0
07-Apr-20,ML,0,0,0
07-Apr-20,MZ,0,0,0
07-Apr-20,NL,0,0,0
07-Apr-20,OR,2,0,1
07-Apr-20,PY,0,1,0
07-Apr-20,PB,20,10,1
07-Apr-20,RJ,42,0,0
07-Apr-20,SK,0,0,0
07-Apr-20,TN,69,6,1
07-Apr-20,TG,40,0,0
07-Apr-20,TR,0,0,0
07-Apr-20,UP,27,0,0
07-Apr-20,UT,0,0,0
07-Apr-20,WB,11,3,0
07-Apr-20,UN,0,0,0
08-Apr-20,TT,565,96,20
08-Apr-20,AN,1,0,0
08-Apr-20,AP,34,1,0
08-Apr-20,AR,0,0,0
08-Apr-20,AS,0,0,0
08-Apr-20,BR,1,0,0
08-Apr-20,CH,0,0,0
08-Apr-20,CT,0,0,0
08-Apr-20,DN,0,0,0
08-Apr-20,DD,0,0,0
08-Apr-20,DL,93,1,0
08-Apr-20,GA,0,0,0
08-Apr-20,GJ,11,0,2
08-Apr-20,HR,24,1,0
08-Apr-20,HP,0,0,0
08-Apr-20,JK,33,2,0
08-Apr-20,JH,0,0,0
08-Apr-20,KA,6,3,1
08-Apr-20,KL,9,13,0
08-Apr-20,LA,0,0,0
08-Apr-20,LD,0,0,0
08-Apr-20,MP,51,4,3
08-Apr-20,MH,117,38,8
08-Apr-20,MN,0,0,0
08-Apr-20,ML,0,0,0
08-Apr-20,MZ,0,0,0
08-Apr-20,NL,0,0,0
08-Apr-20,OR,0,0,0
08-Apr-20,PY,0,0,0
08-Apr-20,PB,7,0,1
08-Apr-20,RJ,40,20,1
08-Apr-20,SK,0,0,0
08-Apr-20,TN,48,2,1
08-Apr-20,TG,49,0,0
08-Apr-20,TR,0,0,0
08-Apr-20,UP,29,10,1
08-Apr-20,UT,4,1,0
08-Apr-20,WB,8,0,2
08-Apr-20,UN,0,0,0
09-Apr-20,TT,813,70,46
09-Apr-20,AN,0,10,0
09-Apr-20,AP,15,4,2
09-Apr-20,AR,0,0,0
09-Apr-20,AS,1,0,0
09-Apr-20,BR,19,0,0
09-Apr-20,CH,0,0,0
09-Apr-20,CT,8,0,0
09-Apr-20,DN,0,0,0
09-Apr-20,DD,0,0,0
09-Apr-20,DL,51,4,3
09-Apr-20,GA,0,0,0
09-Apr-20,GJ,76,1,2
09-Apr-20,HR,3,0,0
09-Apr-20,HP,1,0,0
09-Apr-20,JK,26,0,1
09-Apr-20,JH,9,0,1
09-Apr-20,KA,16,2,1
09-Apr-20,KL,12,13,0
09-Apr-20,LA,0,0,0
09-Apr-20,LD,0,0,0
09-Apr-20,MP,70,0,9
09-Apr-20,MH,229,8,25
09-Apr-20,MN,0,0,0
09-Apr-20,ML,0,0,0
09-Apr-20,MZ,0,0,0
09-Apr-20,NL,0,0,0
09-Apr-20,OR,6,0,0
09-Apr-20,PY,0,0,0
09-Apr-20,PB,24,4,1
09-Apr-20,RJ,80,15,0
09-Apr-20,SK,0,0,0
09-Apr-20,TN,96,6,0
09-Apr-20,TG,18,0,1
09-Apr-20,TR,0,0,0
09-Apr-20,UP,49,0,0
09-Apr-20,UT,0,0,0
09-Apr-20,WB,4,3,0
09-Apr-20,UN,0,0,0
10-Apr-20,TT,871,151,22
10-Apr-20,AN,0,0,0
10-Apr-20,AP,18,0,0
10-Apr-20,AR,0,0,0
10-Apr-20,AS,0,0,1
10-Apr-20,BR,2,0,0
10-Apr-20,CH,1,0,0
10-Apr-20,CT,0,0,0
10-Apr-20,DN,0,0,0
10-Apr-20,DD,0,0,0
10-Apr-20,DL,183,2,2
10-Apr-20,GA,0,1,0
10-Apr-20,GJ,116,7,1
10-Apr-20,HR,6,4,0
10-Apr-20,HP,0,0,0
10-Apr-20,JK,23,0,0
10-Apr-20,JH,1,0,0
10-Apr-20,KA,10,4,0
10-Apr-20,KL,7,27,0
10-Apr-20,LA,1,1,0
10-Apr-20,LD,0,0,0
10-Apr-20,MP,40,12,4
10-Apr-20,MH,210,63,12
10-Apr-20,MN,0,0,0
10-Apr-20,ML,0,0,0
10-Apr-20,MZ,0,0,0
10-Apr-20,NL,0,0,0
10-Apr-20,OR,2,10,0
10-Apr-20,PY,2,0,0
10-Apr-20,PB,21,2,1
10-Apr-20,RJ,98,0,0
10-Apr-20,SK,0,0,0
10-Apr-20,TN,77,17,1
10-Apr-20,TG,16,0,0
10-Apr-20,TR,1,0,0
10-Apr-20,UP,23,1,0
10-Apr-20,UT,0,0,0
10-Apr-20,WB,13,0,0
10-Apr-20,UN,0,0,0
11-Apr-20,TT,854,186,40
11-Apr-20,AN,0,0,0
11-Apr-20,AP,24,0,0
11-Apr-20,AR,0,0,0
11-Apr-20,AS,0,0,0
11-Apr-20,BR,4,0,0
11-Apr-20,CH,0,0,0
11-Apr-20,CT,7,0,0
11-Apr-20,DN,0,0,0
11-Apr-20,DD,0,0,0
11-Apr-20,DL,166,0,5
11-Apr-20,GA,0,4,0
11-Apr-20,GJ,90,11,3
11-Apr-20,HR,3,0,0
11-Apr-20,HP,4,6,0
11-Apr-20,JK,17,0,0
11-Apr-20,JH,3,0,0
11-Apr-20,KA,8,5,0
11-Apr-20,KL,10,19,1
11-Apr-20,LA,0,0,0
11-Apr-20,LD,0,0,0
11-Apr-20,MP,78,1,4
11-Apr-20,MH,187,20,17
11-Apr-20,MN,0,0,0
11-Apr-20,ML,0,0,0
11-Apr-20,MZ,0,0,0
11-Apr-20,NL,0,0,0
11-Apr-20,OR,4,0,0
11-Apr-20,PY,0,0,0
11-Apr-20,PB,7,0,1
11-Apr-20,RJ,139,56,6
11-Apr-20,SK,0,0,0
11-Apr-20,TN,58,0,1
11-Apr-20,TG,16,51,2
11-Apr-20,TR,0,0,0
11-Apr-20,UP,19,13,1
11-Apr-20,UT,0,0,0
11-Apr-20,WB,10,0,0
11-Apr-20,UN,0,0,0
12-Apr-20,TT,758,114,42
12-Apr-20,AN,0,0,0
12-Apr-20,AP,15,2,1
12-Apr-20,AR,0,0,0
12-Apr-20,AS,1,0,0
12-Apr-20,BR,0,11,0
12-Apr-20,CH,2,0,0
12-Apr-20,CT,6,1,0
12-Apr-20,DN,0,0,0
12-Apr-20,DD,0,0,0
12-Apr-20,DL,85,1,5
12-Apr-20,GA,0,0,0
12-Apr-20,GJ,48,0,2
12-Apr-20,HR,16,8,1
12-Apr-20,HP,0,4,0
12-Apr-20,JK,21,0,0
12-Apr-20,JH,2,0,1
12-Apr-20,KA,17,15,0
12-Apr-20,KL,2,36,0
12-Apr-20,LA,0,0,0
12-Apr-20,LD,0,0,0
12-Apr-20,MP,33,3,3
12-Apr-20,MH,221,9,22
12-Apr-20,MN,0,0,0
12-Apr-20,ML,0,0,0
12-Apr-20,MZ,0,0,0
12-Apr-20,NL,0,0,0
12-Apr-20,OR,0,0,0
12-Apr-20,PY,0,0,0
12-Apr-20,PB,12,3,0
12-Apr-20,RJ,104,5,2
12-Apr-20,SK,0,0,0
12-Apr-20,TN,106,6,1
12-Apr-20,TG,28,7,2
12-Apr-20,TR,0,0,0
12-Apr-20,UP,31,0,0
12-Apr-20,UT,0,0,0
12-Apr-20,WB,8,3,2
12-Apr-20,UN,0,0,0
13-Apr-20,TT,1243,112,27
13-Apr-20,AN,0,0,0
13-Apr-20,AP,19,0,0
13-Apr-20,AR,0,0,0
13-Apr-20,AS,2,0,0
13-Apr-20,BR,2,2,0
13-Apr-20,CH,0,0,0
13-Apr-20,CT,0,0,0
13-Apr-20,DN,0,0,0
13-Apr-20,DD,0,0,0
13-Apr-20,DL,356,3,4
13-Apr-20,GA,0,0,0
13-Apr-20,GJ,56,10,2
13-Apr-20,HR,1,7,0
13-Apr-20,HP,0,0,0
13-Apr-20,JK,25,10,0
13-Apr-20,JH,5,0,0
13-Apr-20,KA,15,6,2
13-Apr-20,KL,3,19,0
13-Apr-20,LA,2,1,0
13-Apr-20,LD,0,0,0
13-Apr-20,MP,52,10,7
13-Apr-20,MH,352,12,11
13-Apr-20,MN,0,0,0
13-Apr-20,ML,1,0,0
13-Apr-20,MZ,0,0,0
13-Apr-20,NL,0,0,0
13-Apr-20,OR,1,6,0
13-Apr-20,PY,0,0,0
13-Apr-20,PB,6,2,0
13-Apr-20,RJ,93,0,0
13-Apr-20,SK,0,0,0
13-Apr-20,TN,98,8,0
13-Apr-20,TG,61,0,1
13-Apr-20,TR,0,0,0
13-Apr-20,UP,75,4,0
13-Apr-20,UT,0,2,0
13-Apr-20,WB,18,10,0
13-Apr-20,UN,0,0,0
14-Apr-20,TT,1031,167,37
14-Apr-20,AN,0,0,0
14-Apr-20,AP,45,4,4
14-Apr-20,AR,0,0,0
14-Apr-20,AS,1,0,0
14-Apr-20,BR,0,1,0
14-Apr-20,CH,0,0,0
14-Apr-20,CT,2,3,0
14-Apr-20,DN,0,0,0
14-Apr-20,DD,0,0,0
14-Apr-20,DL,51,0,2
14-Apr-20,GA,0,0,0
14-Apr-20,GJ,78,5,2
14-Apr-20,HR,2,4,0
14-Apr-20,HP,1,1,0
14-Apr-20,JK,8,14,0
14-Apr-20,JH,3,0,0
14-Apr-20,KA,13,11,2
14-Apr-20,KL,8,13,0
14-Apr-20,LA,0,0,0
14-Apr-20,LD,0,0,0
14-Apr-20,MP,127,13,3
14-Apr-20,MH,346,30,18
14-Apr-20,MN,0,0,0
14-Apr-20,ML,0,0,0
14-Apr-20,MZ,0,0,0
14-Apr-20,NL,0,0,0
14-Apr-20,OR,5,0,0
14-Apr-20,PY,0,0,0
14-Apr-20,PB,8,2,1
14-Apr-20,RJ,108,26,0
14-Apr-20,SK,0,0,0
14-Apr-20,TN,31,23,1
14-Apr-20,TG,52,7,1
14-Apr-20,TR,0,0,0
14-Apr-20,UP,102,1,3
14-Apr-20,UT,2,2,0
14-Apr-20,WB,38,7,0
14-Apr-20,UN,0,0,0
15-Apr-20,TT,886,144,27
15-Apr-20,AN,0,0,0
15-Apr-20,AP,41,4,3
15-Apr-20,AR,0,1,0
15-Apr-20,AS,0,2,0
15-Apr-20,BR,6,0,0
15-Apr-20,CH,0,2,0
15-Apr-20,CT,0,4,0
15-Apr-20,DN,0,0,0
15-Apr-20,DD,0,0,0
15-Apr-20,DL,17,10,2
15-Apr-20,GA,0,1,0
15-Apr-20,GJ,116,5,5
15-Apr-20,HR,6,2,0
15-Apr-20,HP,2,0,0
15-Apr-20,JK,22,6,0
15-Apr-20,JH,1,0,0
15-Apr-20,KA,19,9,2
15-Apr-20,KL,1,7,0
15-Apr-20,LA,1,0,0
15-Apr-20,LD,0,0,0
15-Apr-20,MP,197,0,0
15-Apr-20,MH,236,36,9
15-Apr-20,MN,0,0,0
15-Apr-20,ML,6,0,1
15-Apr-20,MZ,0,0,0
15-Apr-20,NL,0,0,0
15-Apr-20,OR,0,1,0
15-Apr-20,PY,0,0,0
15-Apr-20,PB,2,0,0
15-Apr-20,RJ,71,0,0
15-Apr-20,SK,0,0,0
15-Apr-20,TN,38,37,2
15-Apr-20,TG,6,8,0
15-Apr-20,TR,0,1,0
15-Apr-20,UP,75,7,3
15-Apr-20,UT,0,0,0
15-Apr-20,WB,23,1,0
15-Apr-20,UN,0,0,0
16-Apr-20,TT,1061,258,26
16-Apr-20,AN,0,1,0
16-Apr-20,AP,9,0,0
16-Apr-20,AR,0,0,0
16-Apr-20,AS,2,3,0
16-Apr-20,BR,11,8,0
16-Apr-20,CH,0,0,0
16-Apr-20,CT,3,6,0
16-Apr-20,DN,0,0,0
16-Apr-20,DD,0,0,0
16-Apr-20,DL,62,11,6
16-Apr-20,GA,0,0,0
16-Apr-20,GJ,163,9,3
16-Apr-20,HR,11,8,0
16-Apr-20,HP,0,3,0
16-Apr-20,JK,14,2,0
16-Apr-20,JH,1,0,0
16-Apr-20,KA,36,2,1
16-Apr-20,KL,7,27,0
16-Apr-20,LA,0,2,0
16-Apr-20,LD,0,0,0
16-Apr-20,MP,226,6,2
16-Apr-20,MH,285,5,7
16-Apr-20,MN,0,0,0
16-Apr-20,ML,2,0,0
16-Apr-20,MZ,0,0,0
16-Apr-20,NL,0,0,0
16-Apr-20,OR,0,0,0
16-Apr-20,PY,0,0,0
16-Apr-20,PB,11,2,1
16-Apr-20,RJ,55,17,0
16-Apr-20,SK,0,0,0
16-Apr-20,TN,25,62,1
16-Apr-20,TG,50,68,0
16-Apr-20,TR,0,0,0
16-Apr-20,UP,70,11,2
16-Apr-20,UT,0,0,0
16-Apr-20,WB,18,5,3
16-Apr-20,UN,0,0,0
17-Apr-20,TT,922,273,38
17-Apr-20,AN,1,0,0
17-Apr-20,AP,38,15,0
17-Apr-20,AR,0,0,0
17-Apr-20,AS,0,4,0
17-Apr-20,BR,2,0,0
17-Apr-20,CH,0,0,0
17-Apr-20,CT,0,1,0
17-Apr-20,DN,0,0,0
17-Apr-20,DD,0,0,0
17-Apr-20,DL,67,20,4
17-Apr-20,GA,0,0,0
17-Apr-20,GJ,170,13,5
17-Apr-20,HR,8,21,0
17-Apr-20,HP,3,0,0
17-Apr-20,JK,14,4,1
17-Apr-20,JH,3,0,0
17-Apr-20,KA,44,6,0
17-Apr-20,KL,1,10,0
17-Apr-20,LA,0,0,0
17-Apr-20,LD,0,0,0
17-Apr-20,MP,146,0,14
17-Apr-20,MH,120,31,7
17-Apr-20,MN,0,0,0
17-Apr-20,ML,0,0,0
17-Apr-20,MZ,0,0,0
17-Apr-20,NL,0,0,0
17-Apr-20,OR,0,2,0
17-Apr-20,PY,0,0,0
17-Apr-20,PB,14,1,0
17-Apr-20,RJ,98,19,6
17-Apr-20,SK,0,0,0
17-Apr-20,TN,56,103,0
17-Apr-20,TG,66,0,0
17-Apr-20,TR,0,0,0
17-Apr-20,UP,44,14,1
17-Apr-20,UT,3,0,0
17-Apr-20,WB,24,9,0
17-Apr-20,UN,0,0,0
18-Apr-20,TT,1371,426,35
18-Apr-20,AN,2,0,0
18-Apr-20,AP,31,7,2
18-Apr-20,AR,0,0,0
18-Apr-20,AS,0,3,0
18-Apr-20,BR,1,5,1
18-Apr-20,CH,2,0,0
18-Apr-20,CT,0,1,0
18-Apr-20,DN,0,0,0
18-Apr-20,DD,0,0,0
18-Apr-20,DL,186,135,1
18-Apr-20,GA,0,0,0
18-Apr-20,GJ,277,7,12
18-Apr-20,HR,9,14,0
18-Apr-20,HP,1,0,0
18-Apr-20,JK,13,9,0
18-Apr-20,JH,1,0,0
18-Apr-20,KA,25,16,1
18-Apr-20,KL,4,2,0
18-Apr-20,LA,0,0,0
18-Apr-20,LD,0,0,0
18-Apr-20,MP,92,57,0
18-Apr-20,MH,327,34,10
18-Apr-20,MN,0,0,0
18-Apr-20,ML,2,0,0
18-Apr-20,MZ,0,0,0
18-Apr-20,NL,0,0,0
18-Apr-20,OR,1,3,0
18-Apr-20,PY,0,3,0
18-Apr-20,PB,23,1,2
18-Apr-20,RJ,122,17,4
18-Apr-20,SK,0,0,0
18-Apr-20,TN,49,82,0
18-Apr-20,TG,43,0,0
18-Apr-20,TR,0,0,0
18-Apr-20,UP,126,26,0
18-Apr-20,UT,2,0,0
18-Apr-20,WB,32,4,2
18-Apr-20,UN,0,0,0
19-Apr-20,TT,1580,388,38
19-Apr-20,AN,1,0,0
19-Apr-20,AP,44,23,1
19-Apr-20,AR,0,0,0
19-Apr-20,AS,0,5,0
19-Apr-20,BR,10,0,0
19-Apr-20,CH,3,4,0
19-Apr-20,CT,0,0,0
19-Apr-20,DN,0,0,0
19-Apr-20,DD,0,0,0
19-Apr-20,DL,110,83,2
19-Apr-20,GA,0,1,0
19-Apr-20,GJ,367,12,10
19-Apr-20,HR,18,4,0
19-Apr-20,HP,0,0,0
19-Apr-20,JK,13,5,0
19-Apr-20,JH,8,0,0
19-Apr-20,KA,6,7,2
19-Apr-20,KL,2,13,0
19-Apr-20,LA,0,0,0
19-Apr-20,LD,0,0,0
19-Apr-20,MP,5,4,3
19-Apr-20,MH,552,142,12
19-Apr-20,MN,0,0,0
19-Apr-20,ML,0,0,0
19-Apr-20,MZ,0,0,0
19-Apr-20,NL,0,0,0
19-Apr-20,OR,0,0,0
19-Apr-20,PY,0,0,0
19-Apr-20,PB,10,6,0
19-Apr-20,RJ,127,5,2
19-Apr-20,SK,0,0,0
19-Apr-20,TN,105,46,0
19-Apr-20,TG,49,0,3
19-Apr-20,TR,0,0,0
19-Apr-20,UP,125,19,3
19-Apr-20,UT,2,2,0
19-Apr-20,WB,23,7,0
19-Apr-20,UN,0,0,0
20-Apr-20,TT,1239,419,33
20-Apr-20,AN,1,0,0
20-Apr-20,AP,75,27,3
20-Apr-20,AR,0,0,0
20-Apr-20,AS,0,2,0
20-Apr-20,BR,17,0,0
20-Apr-20,CH,0,1,0
20-Apr-20,CT,0,0,0
20-Apr-20,DN,0,0,0
20-Apr-20,DD,0,0,0
20-Apr-20,DL,78,141,2
20-Apr-20,GA,0,0,0
20-Apr-20,GJ,196,26,8
20-Apr-20,HR,1,37,0
20-Apr-20,HP,0,0,0
20-Apr-20,JK,14,15,0
20-Apr-20,JH,5,4,0
20-Apr-20,KA,18,1,0
20-Apr-20,KL,6,21,0
20-Apr-20,LA,0,0,0
20-Apr-20,LD,0,0,0
20-Apr-20,MP,78,7,4
20-Apr-20,MH,466,65,9
20-Apr-20,MN,0,1,0
20-Apr-20,ML,0,0,0
20-Apr-20,MZ,0,0,0
20-Apr-20,NL,0,0,0
20-Apr-20,OR,13,0,0
20-Apr-20,PY,0,0,0
20-Apr-20,PB,1,1,0
20-Apr-20,RJ,98,0,2
20-Apr-20,SK,0,0,0
20-Apr-20,TN,43,46,2
20-Apr-20,TG,14,0,2
20-Apr-20,TR,0,0,0
20-Apr-20,UP,84,13,1
20-Apr-20,UT,2,7,0
20-Apr-20,WB,29,4,0
20-Apr-20,UN,0,0,0
21-Apr-20,TT,1537,703,53
21-Apr-20,AN,1,0,0
21-Apr-20,AP,35,4,2
21-Apr-20,AR,0,0,0
21-Apr-20,AS,0,0,0
21-Apr-20,BR,13,0,0
21-Apr-20,CH,1,0,0
21-Apr-20,CT,0,0,0
21-Apr-20,DN,0,0,0
21-Apr-20,DD,0,0,0
21-Apr-20,DL,75,180,0
21-Apr-20,GA,0,0,0
21-Apr-20,GJ,239,8,19
21-Apr-20,HR,4,6,0
21-Apr-20,HP,0,0,0
21-Apr-20,JK,12,10,0
21-Apr-20,JH,0,0,0
21-Apr-20,KA,10,17,1
21-Apr-20,KL,19,16,0
21-Apr-20,LA,0,0,0
21-Apr-20,LD,0,0,0
21-Apr-20,MP,67,10,4
21-Apr-20,MH,552,150,19
21-Apr-20,MN,0,0,0
21-Apr-20,ML,1,0,0
21-Apr-20,MZ,0,0,0
21-Apr-20,NL,0,0,0
21-Apr-20,OR,5,6,0
21-Apr-20,PY,0,0,0
21-Apr-20,PB,6,11,0
21-Apr-20,RJ,159,69,1
21-Apr-20,SK,0,0,0
21-Apr-20,TN,76,178,1
21-Apr-20,TG,56,8,0
21-Apr-20,TR,0,0,0
21-Apr-20,UP,153,22,3
21-Apr-20,UT,0,1,0
21-Apr-20,WB,53,7,3
21-Apr-20,UN,0,0,0
22-Apr-20,TT,1292,394,36
22-Apr-20,AN,1,0,0
22-Apr-20,AP,56,24,2
22-Apr-20,AR,0,0,0
22-Apr-20,AS,0,0,0
22-Apr-20,BR,17,0,0
22-Apr-20,CH,0,0,0
22-Apr-20,CT,0,3,0
22-Apr-20,DN,0,0,0
22-Apr-20,DD,0,0,0
22-Apr-20,DL,92,113,1
22-Apr-20,GA,0,0,0
22-Apr-20,GJ,229,40,13
22-Apr-20,HR,9,11,0
22-Apr-20,HP,0,0,0
22-Apr-20,JK,27,11,0
22-Apr-20,JH,0,0,0
22-Apr-20,KA,9,2,0
22-Apr-20,KL,11,1,0
22-Apr-20,LA,0,0,0
22-Apr-20,LD,0,0,0
22-Apr-20,MP,35,4,0
22-Apr-20,MH,431,67,18
22-Apr-20,MN,0,0,0
22-Apr-20,ML,0,0,0
22-Apr-20,MZ,0,0,0
22-Apr-20,NL,0,0,0
22-Apr-20,OR,4,2,0
22-Apr-20,PY,0,0,0
22-Apr-20,PB,27,4,0
22-Apr-20,RJ,153,70,1
22-Apr-20,SK,0,0,0
22-Apr-20,TN,33,27,0
22-Apr-20,TG,15,0,1
22-Apr-20,TR,0,0,0
22-Apr-20,UP,112,11,0
22-Apr-20,UT,0,4,0
22-Apr-20,WB,31,0,0
22-Apr-20,UN,0,0,0
23-Apr-20,TT,1667,642,40
23-Apr-20,AN,4,0,0
23-Apr-20,AP,80,21,3
23-Apr-20,AR,0,0,0
23-Apr-20,AS,1,0,0
23-Apr-20,BR,27,2,0
23-Apr-20,CH,0,0,0
23-Apr-20,CT,0,2,0
23-Apr-20,DN,0,0,0
23-Apr-20,DD,0,0,0
23-Apr-20,DL,128,84,2
23-Apr-20,GA,0,0,0
23-Apr-20,GJ,217,79,9
23-Apr-20,HR,6,12,0
23-Apr-20,HP,1,2,0
23-Apr-20,JK,27,0,0
23-Apr-20,JH,7,4,1
23-Apr-20,KA,18,14,0
23-Apr-20,KL,10,8,0
23-Apr-20,LA,0,2,0
23-Apr-20,LD,0,0,0
23-Apr-20,MP,100,51,3
23-Apr-20,MH,778,51,14
23-Apr-20,MN,0,0,0
23-Apr-20,ML,0,0,0
23-Apr-20,MZ,0,0,0
23-Apr-20,NL,0,0,0
23-Apr-20,OR,6,1,0
23-Apr-20,PY,0,0,0
23-Apr-20,PB,5,13,1
23-Apr-20,RJ,76,107,1
23-Apr-20,SK,0,0,0
23-Apr-20,TN,54,90,2
23-Apr-20,TG,27,58,1
23-Apr-20,TR,0,1,0
23-Apr-20,UP,61,33,3
23-Apr-20,UT,1,1,0
23-Apr-20,WB,33,6,0
23-Apr-20,UN,0,0,0
24-Apr-20,TT,1408,484,59
24-Apr-20,AN,7,0,0
24-Apr-20,AP,62,4,2
24-Apr-20,AR,0,0,0
24-Apr-20,AS,0,0,0
24-Apr-20,BR,53,0,0
24-Apr-20,CH,0,1,0
24-Apr-20,CT,0,0,0
24-Apr-20,DN,0,0,0
24-Apr-20,DD,0,0,0
24-Apr-20,DL,138,49,3
24-Apr-20,GA,0,0,0
24-Apr-20,GJ,191,7,15
24-Apr-20,HR,5,16,0
24-Apr-20,HP,0,0,0
24-Apr-20,JK,20,17,0
24-Apr-20,JH,6,0,0
24-Apr-20,KA,29,7,1
24-Apr-20,KL,3,15,1
24-Apr-20,LA,0,0,0
24-Apr-20,LD,0,0,0
24-Apr-20,MP,159,7,9
24-Apr-20,MH,390,117,18
24-Apr-20,MN,0,0,0
24-Apr-20,ML,0,0,0
24-Apr-20,MZ,0,0,0
24-Apr-20,NL,0,0,0
24-Apr-20,OR,5,0,0
24-Apr-20,PY,0,0,0
24-Apr-20,PB,15,4,0
24-Apr-20,RJ,70,42,4
24-Apr-20,SK,0,0,0
24-Apr-20,TN,72,114,2
24-Apr-20,TG,13,39,0
24-Apr-20,TR,0,0,0
24-Apr-20,UP,111,20,1
24-Apr-20,UT,1,1,0
24-Apr-20,WB,58,24,3
24-Apr-20,UN,0,0,0
25-Apr-20,TT,1835,442,44
25-Apr-20,AN,4,0,0
25-Apr-20,AP,61,26,2
25-Apr-20,AR,0,0,0
25-Apr-20,AS,0,0,0
25-Apr-20,BR,28,1,0
25-Apr-20,CH,1,0,0
25-Apr-20,CT,1,2,0
25-Apr-20,DN,0,0,0
25-Apr-20,DD,0,0,0
25-Apr-20,DL,111,12,1
25-Apr-20,GA,0,0,0
25-Apr-20,GJ,256,17,6
25-Apr-20,HR,12,5,0
25-Apr-20,HP,0,4,0
25-Apr-20,JK,40,3,1
25-Apr-20,JH,8,0,0
25-Apr-20,KA,26,6,0
25-Apr-20,KL,7,7,0
25-Apr-20,LA,2,0,0
25-Apr-20,LD,0,0,0
25-Apr-20,MP,99,71,7
25-Apr-20,MH,811,119,22
25-Apr-20,MN,0,0,0
25-Apr-20,ML,0,0,0
25-Apr-20,MZ,0,0,0
25-Apr-20,NL,0,0,0
25-Apr-20,OR,6,1,0
25-Apr-20,PY,1,0,0
25-Apr-20,PB,10,2,0
25-Apr-20,RJ,49,20,2
25-Apr-20,SK,0,0,0
25-Apr-20,TN,66,94,1
25-Apr-20,TG,7,16,0
25-Apr-20,TR,0,0,0
25-Apr-20,UP,172,35,2
25-Apr-20,UT,0,1,0
25-Apr-20,WB,57,0,0
25-Apr-20,UN,0,0,0
26-Apr-20,TT,1607,585,56
26-Apr-20,AN,0,0,0
26-Apr-20,AP,81,60,0
26-Apr-20,AR,0,0,0
26-Apr-20,AS,0,8,0
26-Apr-20,BR,26,11,0
26-Apr-20,CH,8,2,0
26-Apr-20,CT,0,0,0
26-Apr-20,DN,0,0,0
26-Apr-20,DD,0,0,0
26-Apr-20,DL,293,8,0
26-Apr-20,GA,0,0,0
26-Apr-20,GJ,230,31,18
26-Apr-20,HR,9,8,0
26-Apr-20,HP,0,0,0
26-Apr-20,JK,29,25,0
26-Apr-20,JH,15,5,0
26-Apr-20,KA,3,24,1
26-Apr-20,KL,11,4,0
26-Apr-20,LA,0,0,0
26-Apr-20,LD,0,0,0
26-Apr-20,MP,145,21,4
26-Apr-20,MH,440,112,19
26-Apr-20,MN,0,0,0
26-Apr-20,ML,0,0,0
26-Apr-20,MZ,0,0,0
26-Apr-20,NL,0,0,0
26-Apr-20,OR,3,1,0
26-Apr-20,PY,0,0,0
26-Apr-20,PB,14,12,1
26-Apr-20,RJ,102,116,7
26-Apr-20,SK,0,0,0
26-Apr-20,TN,64,60,1
26-Apr-20,TG,11,9,0
26-Apr-20,TR,0,0,0
26-Apr-20,UP,80,66,3
26-Apr-20,UT,3,0,0
26-Apr-20,WB,40,2,2
26-Apr-20,UN,0,0,0
27-Apr-20,TT,1568,580,58
27-Apr-20,AN,0,0,0
27-Apr-20,AP,80,4,0
27-Apr-20,AR,0,0,0
27-Apr-20,AS,0,0,0
27-Apr-20,BR,69,0,0
27-Apr-20,CH,9,0,0
27-Apr-20,CT,0,0,0
27-Apr-20,DN,0,0,0
27-Apr-20,DD,0,0,0
27-Apr-20,DL,190,0,0
27-Apr-20,GA,0,0,0
27-Apr-20,GJ,247,81,11
27-Apr-20,HR,5,14,0
27-Apr-20,HP,0,3,0
27-Apr-20,JK,23,27,1
27-Apr-20,JH,21,4,0
27-Apr-20,KA,9,11,1
27-Apr-20,KL,13,13,0
27-Apr-20,LA,0,0,0
27-Apr-20,LD,0,0,0
27-Apr-20,MP,75,55,7
27-Apr-20,MH,522,94,27
27-Apr-20,MN,0,0,0
27-Apr-20,ML,0,0,0
27-Apr-20,MZ,0,0,0
27-Apr-20,NL,0,0,0
27-Apr-20,OR,15,2,0
27-Apr-20,PY,0,1,0
27-Apr-20,PB,8,14,1
27-Apr-20,RJ,77,115,9
27-Apr-20,SK,0,0,0
27-Apr-20,TN,52,54,0
27-Apr-20,TG,2,16,0
27-Apr-20,TR,0,0,0
27-Apr-20,UP,113,72,1
27-Apr-20,UT,0,0,0
27-Apr-20,WB,38,0,0
27-Apr-20,UN,0,0,0
28-Apr-20,TT,1902,636,69
28-Apr-20,AN,0,4,0
28-Apr-20,AP,82,23,0
28-Apr-20,AR,0,0,0
28-Apr-20,AS,2,0,0
28-Apr-20,BR,20,8,0
28-Apr-20,CH,11,0,0
28-Apr-20,CT,1,2,0
28-Apr-20,DN,0,0,0
28-Apr-20,DD,0,0,0
28-Apr-20,DL,206,201,0
28-Apr-20,GA,0,0,0
28-Apr-20,GJ,226,40,19
28-Apr-20,HR,7,11,0
28-Apr-20,HP,0,0,0
28-Apr-20,JK,19,12,1
28-Apr-20,JH,2,2,0
28-Apr-20,KA,11,14,0
28-Apr-20,KL,4,4,0
28-Apr-20,LA,2,0,0
28-Apr-20,LD,0,0,0
28-Apr-20,MP,222,16,10
28-Apr-20,MH,728,106,31
28-Apr-20,MN,0,0,0
28-Apr-20,ML,0,0,0
28-Apr-20,MZ,0,0,0
28-Apr-20,NL,0,0,0
28-Apr-20,OR,0,1,0
28-Apr-20,PY,0,0,0
28-Apr-20,PB,12,3,0
28-Apr-20,RJ,102,26,2
28-Apr-20,SK,0,0,0
28-Apr-20,TN,121,54,1
28-Apr-20,TG,6,42,0
28-Apr-20,TR,0,0,0
28-Apr-20,UP,67,63,3
28-Apr-20,UT,3,0,0
28-Apr-20,WB,48,4,2
28-Apr-20,UN,0,0,0
29-Apr-20,TT,1705,690,71
29-Apr-20,AN,0,0,0
29-Apr-20,AP,73,29,0
29-Apr-20,AR,0,0,0
29-Apr-20,AS,0,2,0
29-Apr-20,BR,37,0,0
29-Apr-20,CH,12,0,0
29-Apr-20,CT,0,0,0
29-Apr-20,DN,0,0,0
29-Apr-20,DD,0,0,0
29-Apr-20,DL,125,14,2
29-Apr-20,GA,0,0,0
29-Apr-20,GJ,308,93,16
29-Apr-20,HR,3,1,0
29-Apr-20,HP,0,0,0
29-Apr-20,JK,16,16,0
29-Apr-20,JH,2,0,0
29-Apr-20,KA,12,9,1
29-Apr-20,KL,10,10,0
29-Apr-20,LA,0,1,0
29-Apr-20,LD,0,0,0
29-Apr-20,MP,173,88,10
29-Apr-20,MH,597,205,32
29-Apr-20,MN,0,0,0
29-Apr-20,ML,0,0,0
29-Apr-20,MZ,0,0,0
29-Apr-20,NL,0,0,0
29-Apr-20,OR,7,1,0
29-Apr-20,PY,0,0,0
29-Apr-20,PB,33,0,0
29-Apr-20,RJ,76,44,3
29-Apr-20,SK,0,0,0
29-Apr-20,TN,104,82,2
29-Apr-20,TG,7,35,0
29-Apr-20,TR,0,0,0
29-Apr-20,UP,81,48,5
29-Apr-20,UT,1,2,0
29-Apr-20,WB,28,10,0
29-Apr-20,UN,0,0,0
30-Apr-20,TT,1802,630,75
30-Apr-20,AN,0,1,0
30-Apr-20,AP,71,34,0
30-Apr-20,AR,0,0,0
30-Apr-20,AS,5,0,0
30-Apr-20,BR,22,20,0
30-Apr-20,CH,6,1,0
30-Apr-20,CT,2,2,0
30-Apr-20,DN,0,0,0
30-Apr-20,DD,0,0,0
30-Apr-20,DL,76,2,3
30-Apr-20,GA,0,0,0
30-Apr-20,GJ,313,86,17
30-Apr-20,HR,28,10,1
30-Apr-20,HP,0,3,0
30-Apr-20,JK,33,24,0
30-Apr-20,JH,3,0,0
30-Apr-20,KA,30,13,1
30-Apr-20,KL,2,14,0
30-Apr-20,LA,0,0,0
30-Apr-20,LD,0,0,0
30-Apr-20,MP,65,21,7
30-Apr-20,MH,583,180,27
30-Apr-20,MN,0,0,0
30-Apr-20,ML,0,0,0
30-Apr-20,MZ,0,0,0
30-Apr-20,NL,0,0,0
30-Apr-20,OR,18,2,0
30-Apr-20,PY,0,0,0
30-Apr-20,PB,105,3,1
30-Apr-20,RJ,144,79,3
30-Apr-20,SK,0,0,0
30-Apr-20,TN,161,48,0
30-Apr-20,TG,22,33,3
30-Apr-20,TR,1,0,0
30-Apr-20,UP,77,41,1
30-Apr-20,UT,2,8,0
30-Apr-20,WB,33,5,11
30-Apr-20,UN,0,0,0
01-May-20,TT,2396,962,77
01-May-20,AN,0,0,0
01-May-20,AP,60,82,2
01-May-20,AR,0,0,0
01-May-20,AS,0,4,0
01-May-20,BR,41,14,1
01-May-20,CH,14,0,0
01-May-20,CT,3,0,0
01-May-20,DN,0,0,0
01-May-20,DD,0,0,0
01-May-20,DL,223,73,2
01-May-20,GA,0,0,0
01-May-20,GJ,326,123,22
01-May-20,HR,18,6,0
01-May-20,HP,0,2,0
01-May-20,JK,25,31,0
01-May-20,JH,3,2,0
01-May-20,KA,24,22,0
01-May-20,KL,0,9,0
01-May-20,LA,0,0,0
01-May-20,LD,0,0,0
01-May-20,MP,90,42,8
01-May-20,MH,1008,106,26
01-May-20,MN,0,0,0
01-May-20,ML,0,10,0
01-May-20,MZ,0,0,0
01-May-20,NL,0,0,0
01-May-20,OR,11,14,0
01-May-20,PY,0,0,0
01-May-20,PB,105,4,0
01-May-20,RJ,82,223,4
01-May-20,SK,0,0,0
01-May-20,TN,203,54,1
01-May-20,TG,6,22,0
01-May-20,TR,0,0,0
01-May-20,UP,117,103,2
01-May-20,UT,0,1,1
01-May-20,WB,37,15,8
01-May-20,UN,0,0,0
02-May-20,TT,2564,831,92
02-May-20,AN,0,10,0
02-May-20,AP,62,38,0
02-May-20,AR,0,0,0
02-May-20,AS,0,0,0
02-May-20,BR,15,19,1
02-May-20,CH,6,1,0
02-May-20,CT,0,0,0
02-May-20,DN,0,0,0
02-May-20,DD,0,0,0
02-May-20,DL,384,89,3
02-May-20,GA,0,0,0
02-May-20,GJ,333,160,26
02-May-20,HR,19,1,1
02-May-20,HP,0,3,0
02-May-20,JK,27,7,0
02-May-20,JH,2,1,0
02-May-20,KA,12,20,3
02-May-20,KL,2,8,0
02-May-20,LA,1,0,0
02-May-20,LD,0,0,0
02-May-20,MP,73,100,6
02-May-20,MH,790,121,36
02-May-20,MN,0,0,0
02-May-20,ML,0,0,0
02-May-20,MZ,0,0,0
02-May-20,NL,0,0,0
02-May-20,OR,6,1,0
02-May-20,PY,1,0,0
02-May-20,PB,187,4,0
02-May-20,RJ,106,126,6
02-May-20,SK,0,0,0
02-May-20,TN,231,29,1
02-May-20,TG,17,35,1
02-May-20,TR,2,0,0
02-May-20,UP,159,44,1
02-May-20,UT,2,2,0
02-May-20,WB,127,12,7
02-May-20,UN,0,0,0
03-May-20,TT,2952,911,140
03-May-20,AN,0,6,0
03-May-20,AP,58,47,0
03-May-20,AR,0,0,0
03-May-20,AS,0,0,0
03-May-20,BR,36,7,0
03-May-20,CH,3,0,1
03-May-20,CT,14,0,0
03-May-20,DN,0,0,0
03-May-20,DD,0,0,0
03-May-20,DL,427,106,0
03-May-20,GA,0,0,0
03-May-20,GJ,374,146,28
03-May-20,HR,66,3,0
03-May-20,HP,0,1,0
03-May-20,JK,35,33,0
03-May-20,JH,0,5,0
03-May-20,KA,13,22,0
03-May-20,KL,0,1,0
03-May-20,LA,19,0,0
03-May-20,LD,0,0,0
03-May-20,MP,49,174,5
03-May-20,MH,678,115,27
03-May-20,MN,0,0,0
03-May-20,ML,0,0,0
03-May-20,MZ,0,0,0
03-May-20,NL,0,0,0
03-May-20,OR,2,4,0
03-May-20,PY,0,1,0
03-May-20,PB,330,5,1
03-May-20,RJ,114,114,3
03-May-20,SK,0,0,0
03-May-20,TN,266,38,1
03-May-20,TG,21,46,0
03-May-20,TR,12,0,0
03-May-20,UP,158,56,0
03-May-20,UT,1,0,0
03-May-20,WB,276,-19,74
03-May-20,UN,0,0,0
04-May-20,TT,3656,1082,103
04-May-20,AN,0,0,0
04-May-20,AP,67,36,0
04-May-20,AR,0,0,0
04-May-20,AS,0,0,0
04-May-20,BR,11,3,0
04-May-20,CH,5,2,0
04-May-20,CT,1,0,0
04-May-20,DN,0,0,0
04-May-20,DD,0,0,0
04-May-20,DL,349,69,0
04-May-20,GA,0,0,0
04-May-20,GJ,376,153,29
04-May-20,HR,75,9,1
04-May-20,HP,1,0,0
04-May-20,JK,25,16,0
04-May-20,JH,0,0,0
04-May-20,KA,37,28,2
04-May-20,KL,0,61,0
04-May-20,LA,0,0,0
04-May-20,LD,0,0,0
04-May-20,MP,105,58,9
04-May-20,MH,1567,350,35
04-May-20,MN,0,0,0
04-May-20,ML,0,0,0
04-May-20,MZ,0,0,0
04-May-20,NL,0,0,0
04-May-20,OR,7,0,0
04-May-20,PY,0,0,0
04-May-20,PB,130,11,2
04-May-20,RJ,175,82,6
04-May-20,SK,0,0,0
04-May-20,TN,527,30,1
04-May-20,TG,3,40,0
04-May-20,TR,13,0,0
04-May-20,UP,121,48,7
04-May-20,UT,0,0,0
04-May-20,WB,61,86,11
04-May-20,UN,0,0,0
05-May-20,TT,2971,1295,128
05-May-20,AN,0,0,0
05-May-20,AP,67,65,1
05-May-20,AR,0,0,0
05-May-20,AS,2,0,0
05-May-20,BR,7,31,0
05-May-20,CH,17,0,0
05-May-20,CT,1,0,0
05-May-20,DN,1,0,0
05-May-20,DD,0,0,0
05-May-20,DL,206,37,0
05-May-20,GA,0,0,0
05-May-20,GJ,441,186,49
05-May-20,HR,31,2,0
05-May-20,HP,1,0,1
05-May-20,JK,15,17,0
05-May-20,JH,10,6,0
05-May-20,KA,22,10,2
05-May-20,KL,3,0,0
05-May-20,LA,0,0,0
05-May-20,LD,0,0,0
05-May-20,MP,107,144,11
05-May-20,MH,984,354,34
05-May-20,MN,0,0,0
05-May-20,ML,0,0,0
05-May-20,MZ,0,1,0
05-May-20,NL,0,0,0
05-May-20,OR,8,0,1
05-May-20,PY,0,0,0
05-May-20,PB,219,5,2
05-May-20,RJ,97,87,12
05-May-20,SK,0,0,0
05-May-20,TN,508,76,2
05-May-20,TG,11,43,0
05-May-20,TR,13,0,0
05-May-20,UP,114,185,6
05-May-20,UT,1,0,0
05-May-20,WB,85,46,7
05-May-20,UN,0,0,0
06-May-20,TT,3602,1161,91
06-May-20,AN,0,0,0
06-May-20,AP,60,140,2
06-May-20,AR,0,0,0
06-May-20,AS,1,2,0
06-May-20,BR,7,0,0
06-May-20,CH,5,0,0
06-May-20,CT,0,0,0
06-May-20,DN,0,0,0
06-May-20,DD,0,0,0
06-May-20,DL,428,74,1
06-May-20,GA,0,0,0
06-May-20,GJ,380,119,28
06-May-20,HR,46,4,1
06-May-20,HP,1,0,0
06-May-20,JK,34,2,0
06-May-20,JH,2,4,0
06-May-20,KA,20,23,0
06-May-20,KL,0,7,0
06-May-20,LA,0,0,0
06-May-20,LD,0,0,0
06-May-20,MP,89,99,9
06-May-20,MH,1233,275,34
06-May-20,MN,0,0,0
06-May-20,ML,0,0,0
06-May-20,MZ,0,0,0
06-May-20,NL,0,0,0
06-May-20,OR,28,1,0
06-May-20,PY,0,0,0
06-May-20,PB,75,2,2
06-May-20,RJ,159,214,4
06-May-20,SK,0,0,0
06-May-20,TN,771,31,2
06-May-20,TG,11,20,0
06-May-20,TR,22,0,0
06-May-20,UP,118,143,4
06-May-20,UT,0,0,0
06-May-20,WB,112,1,4
06-May-20,UN,0,0,0
07-May-20,TT,3344,1475,104
07-May-20,AN,0,1,0
07-May-20,AP,56,51,2
07-May-20,AR,0,0,0
07-May-20,AS,8,0,0
07-May-20,BR,8,60,1
07-May-20,CH,11,0,0
07-May-20,CT,0,0,0
07-May-20,DN,0,0,0
07-May-20,DD,0,0,0
07-May-20,DL,448,389,1
07-May-20,GA,0,0,0
07-May-20,GJ,388,209,29
07-May-20,HR,31,0,0
07-May-20,HP,3,0,0
07-May-20,JK,18,13,1
07-May-20,JH,5,4,0
07-May-20,KA,12,12,1
07-May-20,KL,0,5,0
07-May-20,LA,0,0,0
07-May-20,LD,0,0,0
07-May-20,MP,114,132,8
07-May-20,MH,1216,207,43
07-May-20,MN,0,0,0
07-May-20,ML,0,0,0
07-May-20,MZ,0,0,0
07-May-20,NL,0,0,0
07-May-20,OR,14,1,0
07-May-20,PY,0,0,0
07-May-20,PB,118,14,1
07-May-20,RJ,110,150,6
07-May-20,SK,0,0,0
07-May-20,TN,580,31,2
07-May-20,TG,15,45,0
07-May-20,TR,24,0,0
07-May-20,UP,73,120,2
07-May-20,UT,0,0,0
07-May-20,WB,92,31,7
07-May-20,UN,0,0,0
08-May-20,TT,3339,1111,97
08-May-20,AN,0,0,0
08-May-20,AP,54,62,3
08-May-20,AR,0,0,0
08-May-20,AS,6,0,1
08-May-20,BR,29,49,0
08-May-20,CH,11,0,1
08-May-20,CT,0,2,0
08-May-20,DN,0,0,0
08-May-20,DD,0,0,0
08-May-20,DL,338,89,2
08-May-20,GA,0,0,0
08-May-20,GJ,390,163,24
08-May-20,HR,22,19,1
08-May-20,HP,4,0,0
08-May-20,JK,30,29,0
08-May-20,JH,22,0,0
08-May-20,KA,48,10,0
08-May-20,KL,1,10,0
08-May-20,LA,0,1,0
08-May-20,LD,0,0,0
08-May-20,MP,89,118,7
08-May-20,MH,1089,169,37
08-May-20,MN,0,0,0
08-May-20,ML,0,0,0
08-May-20,MZ,0,0,0
08-May-20,NL,0,0,0
08-May-20,OR,51,1,0
08-May-20,PY,1,2,0
08-May-20,PB,87,3,1
08-May-20,RJ,152,122,4
08-May-20,SK,0,0,0
08-May-20,TN,600,58,3
08-May-20,TG,10,34,0
08-May-20,TR,30,0,0
08-May-20,UP,143,137,4
08-May-20,UT,2,6,0
08-May-20,WB,130,27,9
08-May-20,UN,0,0,0
09-May-20,TT,3175,1414,115
09-May-20,AN,0,0,0
09-May-20,AP,43,45,3
09-May-20,AR,0,0,0
09-May-20,AS,2,0,-1
09-May-20,BR,32,51,0
09-May-20,CH,23,3,0
09-May-20,CT,0,5,0
09-May-20,DN,0,0,0
09-May-20,DD,0,0,0
09-May-20,DL,224,0,0
09-May-20,GA,0,0,0
09-May-20,GJ,394,219,23
09-May-20,HR,28,11,1
09-May-20,HP,2,1,0
09-May-20,JK,13,4,0
09-May-20,JH,2,37,0
09-May-20,KA,41,10,0
09-May-20,KL,2,1,0
09-May-20,LA,0,0,0
09-May-20,LD,0,0,0
09-May-20,MP,116,131,11
09-May-20,MH,1165,330,48
09-May-20,MN,0,0,0
09-May-20,ML,1,0,0
09-May-20,MZ,0,0,0
09-May-20,NL,0,0,0
09-May-20,OR,82,5,1
09-May-20,PY,0,0,0
09-May-20,PB,31,5,2
09-May-20,RJ,129,151,3
09-May-20,SK,0,0,0
09-May-20,TN,526,219,4
09-May-20,TG,31,24,1
09-May-20,TR,17,0,0
09-May-20,UP,159,112,8
09-May-20,UT,4,1,0
09-May-20,WB,108,49,11
09-May-20,UN,0,0,0
10-May-20,TT,4311,1669,112
10-May-20,AN,0,0,0
10-May-20,AP,50,38,1
10-May-20,AR,0,0,0
10-May-20,AS,1,0,0
10-May-20,BR,96,36,1
10-May-20,CH,4,0,1
10-May-20,CT,0,6,0
10-May-20,DN,0,0,0
10-May-20,DD,0,0,0
10-May-20,DL,381,49,5
10-May-20,GA,0,0,0
10-May-20,GJ,398,454,21
10-May-20,HR,28,10,1
10-May-20,HP,6,0,0
10-May-20,JK,25,15,0
10-May-20,JH,1,0,0
10-May-20,KA,54,36,1
10-May-20,KL,7,4,0
10-May-20,LA,0,3,0
10-May-20,LD,0,0,0
10-May-20,MP,157,196,4
10-May-20,MH,1943,399,53
10-May-20,MN,0,0,0
10-May-20,ML,0,0,0
10-May-20,MZ,0,0,0
10-May-20,NL,0,0,0
10-May-20,OR,25,0,0
10-May-20,PY,2,1,0
10-May-20,PB,61,9,0
10-May-20,RJ,106,79,2
10-May-20,SK,0,0,0
10-May-20,TN,669,135,3
10-May-20,TG,33,0,0
10-May-20,TR,16,0,0
10-May-20,UP,94,154,5
10-May-20,UT,1,0,0
10-May-20,WB,153,45,14
10-May-20,UN,0,0,0
11-May-20,TT,3592,1579,81
11-May-20,AN,0,0,0
11-May-20,AP,38,73,0
11-May-20,AR,0,0,0
11-May-20,AS,2,5,0
11-May-20,BR,42,23,0
11-May-20,CH,8,4,0
11-May-20,CT,0,4,0
11-May-20,DN,0,0,0
11-May-20,DD,0,0,0
11-May-20,DL,310,60,0
11-May-20,GA,0,0,0
11-May-20,GJ,347,235,20
11-May-20,HR,27,37,1
11-May-20,HP,1,0,0
11-May-20,JK,18,44,1
11-May-20,JH,4,0,0
11-May-20,KA,14,4,0
11-May-20,KL,7,0,0
11-May-20,LA,0,1,0
11-May-20,LD,0,0,0
11-May-20,MP,171,71,6
11-May-20,MH,1230,587,36
11-May-20,MN,0,0,0
11-May-20,ML,0,0,0
11-May-20,MZ,0,0,0
11-May-20,NL,0,0,0
11-May-20,OR,38,17,0
11-May-20,PY,0,0,0
11-May-20,PB,54,2,0
11-May-20,RJ,174,83,5
11-May-20,SK,0,0,0
11-May-20,TN,798,92,6
11-May-20,TG,79,50,0
11-May-20,TR,0,0,0
11-May-20,UP,106,105,1
11-May-20,UT,0,0,0
11-May-20,WB,124,82,5
11-May-20,UN,0,0,0
12-May-20,TT,3562,1905,120
12-May-20,AN,0,0,0
12-May-20,AP,71,58,1
12-May-20,AR,0,0,0
12-May-20,AS,0,0,0
12-May-20,BR,130,5,0
12-May-20,CH,6,2,0
12-May-20,CT,0,1,0
12-May-20,DN,0,1,0
12-May-20,DD,0,0,0
12-May-20,DL,406,383,13
12-May-20,GA,0,0,0
12-May-20,GJ,362,466,24
12-May-20,HR,50,5,0
12-May-20,HP,8,0,0
12-May-20,JK,55,28,0
12-May-20,JH,11,1,0
12-May-20,KA,63,7,0
12-May-20,KL,5,0,0
12-May-20,LA,0,0,0
12-May-20,LD,0,0,0
12-May-20,MP,201,113,4
12-May-20,MH,1026,339,53
12-May-20,MN,0,0,0
12-May-20,ML,0,0,0
12-May-20,MZ,0,0,0
12-May-20,NL,0,0,0
12-May-20,OR,22,31,0
12-May-20,PY,0,0,0
12-May-20,PB,37,3,1
12-May-20,RJ,138,130,4
12-May-20,SK,0,0,0
12-May-20,TN,716,83,8
12-May-20,TG,51,21,2
12-May-20,TR,2,0,0
12-May-20,UP,91,115,2
12-May-20,UT,1,0,0
12-May-20,WB,110,113,8
12-May-20,UN,0,0,0
13-May-20,TT,3726,1963,137
13-May-20,AN,0,0,0
13-May-20,AP,48,86,1
13-May-20,AR,0,0,0
13-May-20,AS,15,0,0
13-May-20,BR,74,18,1
13-May-20,CH,4,0,0
13-May-20,CT,0,1,0
13-May-20,DN,0,0,0
13-May-20,DD,0,0,0
13-May-20,DL,359,346,20
13-May-20,GA,0,0,0
13-May-20,GJ,364,316,29
13-May-20,HR,13,76,0
13-May-20,HP,1,0,0
13-May-20,JK,37,11,1
13-May-20,JH,5,8,0
13-May-20,KA,34,18,2
13-May-20,KL,10,1,0
13-May-20,LA,1,0,0
13-May-20,LD,0,0,0
13-May-20,MP,187,144,7
13-May-20,MH,1495,422,54
13-May-20,MN,0,0,0
13-May-20,ML,0,1,0
13-May-20,MZ,0,0,0
13-May-20,NL,0,0,0
13-May-20,OR,101,27,0
13-May-20,PY,1,0,0
13-May-20,PB,10,29,0
13-May-20,RJ,202,119,4
13-May-20,SK,0,0,0
13-May-20,TN,509,41,3
13-May-20,TG,41,117,2
13-May-20,TR,1,0,0
13-May-20,UP,94,92,4
13-May-20,UT,3,0,0
13-May-20,WB,117,90,9
13-May-20,UN,0,0,0
14-May-20,TT,3991,1594,97
14-May-20,AN,0,0,0
14-May-20,AP,68,50,1
14-May-20,AR,0,0,0
14-May-20,AS,7,0,0
14-May-20,BR,46,12,0
14-May-20,CH,0,7,0
14-May-20,CT,1,1,0
14-May-20,DN,0,0,0
14-May-20,DD,0,0,0
14-May-20,DL,472,187,9
14-May-20,GA,8,0,0
14-May-20,GJ,324,191,20
14-May-20,HR,25,21,0
14-May-20,HP,6,0,0
14-May-20,JK,12,19,0
14-May-20,JH,26,0,0
14-May-20,KA,28,9,2
14-May-20,KL,26,3,0
14-May-20,LA,0,0,0
14-May-20,LD,0,0,0
14-May-20,MP,253,167,5
14-May-20,MH,1602,542,44
14-May-20,MN,1,0,0
14-May-20,ML,0,0,0
14-May-20,MZ,0,0,0
14-May-20,NL,0,0,0
14-May-20,OR,134,15,0
14-May-20,PY,3,0,0
14-May-20,PB,11,23,0
14-May-20,RJ,206,65,4
14-May-20,SK,0,0,0
14-May-20,TN,447,65,2
14-May-20,TG,47,13,0
14-May-20,TR,1,27,0
14-May-20,UP,144,107,2
14-May-20,UT,6,4,0
14-May-20,WB,87,66,8
14-May-20,UN,0,0,0
15-May-20,TT,3808,2234,104
15-May-20,AN,0,0,0
15-May-20,AP,102,60,0
15-May-20,AR,0,0,0
15-May-20,AS,3,1,0
15-May-20,BR,34,28,0
15-May-20,CH,0,3,0
15-May-20,CT,6,0,0
15-May-20,DN,0,0,0
15-May-20,DD,0,0,0
15-May-20,DL,425,473,8
15-May-20,GA,0,0,0
15-May-20,GJ,340,282,20
15-May-20,HR,36,25,2
15-May-20,HP,2,0,0
15-May-20,JK,30,28,0
15-May-20,JH,8,10,0
15-May-20,KA,69,20,1
15-May-20,KL,16,0,0
15-May-20,LA,0,2,0
15-May-20,LD,0,0,0
15-May-20,MP,169,112,2
15-May-20,MH,1576,475,49
15-May-20,MN,0,0,0
15-May-20,ML,0,0,0
15-May-20,MZ,0,0,0
15-May-20,NL,0,0,0
15-May-20,OR,65,8,0
15-May-20,PY,0,0,0
15-May-20,PB,-3,82,0
15-May-20,RJ,213,91,0
15-May-20,SK,0,0,0
15-May-20,TN,434,359,5
15-May-20,TG,40,7,0
15-May-20,TR,0,13,0
15-May-20,UP,155,93,7
15-May-20,UT,4,1,0
15-May-20,WB,84,61,10
15-May-20,UN,0,0,0
16-May-20,TT,4794,4012,120
16-May-20,AN,0,0,0
16-May-20,AP,48,101,1
16-May-20,AR,0,0,0
16-May-20,AS,3,0,0
16-May-20,BR,145,33,1
16-May-20,CH,0,11,0
16-May-20,CT,1,2,0
16-May-20,DN,0,0,0
16-May-20,DD,0,0,0
16-May-20,DL,438,408,6
16-May-20,GA,5,0,0
16-May-20,GJ,1057,273,19
16-May-20,HR,33,50,0
16-May-20,HP,2,4,0
16-May-20,JK,108,29,1
16-May-20,JH,6,16,0
16-May-20,KA,36,16,0
16-May-20,KL,11,4,0
16-May-20,LA,0,0,0
16-May-20,LD,0,0,0
16-May-20,MP,195,32,4
16-May-20,MH,1606,524,67
16-May-20,MN,4,0,0
16-May-20,ML,0,0,0
16-May-20,MZ,0,0,0
16-May-20,NL,0,0,0
16-May-20,OR,0,30,0
16-May-20,PY,1,0,0
16-May-20,PB,14,952,0
16-May-20,RJ,213,215,1
16-May-20,SK,0,0,0
16-May-20,TN,477,939,4
16-May-20,TG,55,12,0
16-May-20,TR,11,22,0
16-May-20,UP,201,276,9
16-May-20,UT,9,0,0
16-May-20,WB,115,63,7
16-May-20,UN,0,0,0
17-May-20,TT,5049,2538,152
17-May-20,AN,0,0,0
17-May-20,AP,25,103,1
17-May-20,AR,0,0,0
17-May-20,AS,8,1,0
17-May-20,BR,142,0,0
17-May-20,CH,0,0,0
17-May-20,CT,18,1,0
17-May-20,DN,0,0,0
17-May-20,DD,0,0,0
17-May-20,DL,422,276,19
17-May-20,GA,9,0,0
17-May-20,GJ,391,191,34
17-May-20,HR,23,48,1
17-May-20,HP,2,1,0
17-May-20,JK,62,33,1
17-May-20,JH,6,0,0
17-May-20,KA,55,13,1
17-May-20,KL,14,0,0
17-May-20,LA,0,0,0
17-May-20,LD,0,0,0
17-May-20,MP,187,88,5
17-May-20,MH,2347,600,63
17-May-20,MN,0,0,0
17-May-20,ML,0,0,0
17-May-20,MZ,0,0,0
17-May-20,NL,0,0,0
17-May-20,OR,91,24,1
17-May-20,PY,0,0,0
17-May-20,PB,18,109,3
17-May-20,RJ,242,111,5
17-May-20,SK,0,0,0
17-May-20,TN,639,634,4
17-May-20,TG,42,21,0
17-May-20,TR,-2,21,0
17-May-20,UP,206,195,8
17-May-20,UT,1,1,0
17-May-20,WB,101,67,6
17-May-20,UN,0,0,0
18-May-20,TT,4628,2482,131
18-May-20,AN,0,0,0
18-May-20,AP,52,96,0
18-May-20,AR,0,0,0
18-May-20,AS,15,0,2
18-May-20,BR,103,44,1
18-May-20,CH,5,3,0
18-May-20,CT,10,0,0
18-May-20,DN,0,0,0
18-May-20,DD,0,0,0
18-May-20,DL,299,283,12
18-May-20,GA,9,0,0
18-May-20,GJ,366,305,35
18-May-20,HR,18,36,0
18-May-20,HP,10,2,0
18-May-20,JK,106,34,2
18-May-20,JH,5,14,0
18-May-20,KA,99,21,0
18-May-20,KL,29,0,0
18-May-20,LA,0,19,0
18-May-20,LD,0,0,0
18-May-20,MP,259,32,4
18-May-20,MH,2005,749,51
18-May-20,MN,0,0,0
18-May-20,ML,0,1,0
18-May-20,MZ,0,0,0
18-May-20,NL,0,0,0
18-May-20,OR,48,57,0
18-May-20,PY,0,0,0
18-May-20,PB,16,181,2
18-May-20,RJ,305,163,7
18-May-20,SK,0,0,0
18-May-20,TN,536,234,3
18-May-20,TG,41,10,0
18-May-20,TR,0,4,0
18-May-20,UP,141,147,6
18-May-20,UT,4,0,0
18-May-20,WB,147,47,6
18-May-20,UN,0,0,0
19-May-20,TT,6154,3032,146
19-May-20,AN,0,0,0
19-May-20,AP,57,69,2
19-May-20,AR,0,0,0
19-May-20,AS,42,0,0
19-May-20,BR,96,0,0
19-May-20,CH,3,3,0
19-May-20,CT,5,0,0
19-May-20,DN,0,0,0
19-May-20,DD,0,0,0
19-May-20,DL,500,265,6
19-May-20,GA,8,0,0
19-May-20,GJ,395,239,25
19-May-20,HR,36,29,0
19-May-20,HP,2,5,1
19-May-20,JK,28,38,2
19-May-20,JH,20,0,0
19-May-20,KA,149,13,3
19-May-20,KL,12,0,0
19-May-20,LA,0,0,0
19-May-20,LD,0,0,0
19-May-20,MP,229,196,6
19-May-20,MH,2078,1202,76
19-May-20,MN,2,0,0
19-May-20,ML,0,0,0
19-May-20,MZ,0,0,0
19-May-20,NL,0,0,0
19-May-20,OR,102,30,1
19-May-20,PY,5,1,0
19-May-20,PB,22,95,1
19-May-20,RJ,338,119,5
19-May-20,SK,0,0,0
19-May-20,TN,688,489,3
19-May-20,TG,42,9,4
19-May-20,TR,8,27,0
19-May-20,UP,321,135,5
19-May-20,UT,15,0,0
19-May-20,WB,137,68,6
19-May-20,UN,814,0,0
20-May-20,TT,5720,3113,134
20-May-20,AN,0,0,0
20-May-20,AP,71,43,1
20-May-20,AR,0,0,0
20-May-20,AS,31,7,0
20-May-20,BR,257,54,0
20-May-20,CH,3,79,0
20-May-20,CT,14,0,0
20-May-20,DN,0,0,0
20-May-20,DD,0,0,0
20-May-20,DL,534,442,10
20-May-20,GA,4,0,0
20-May-20,GJ,398,176,30
20-May-20,HR,29,21,0
20-May-20,HP,18,3,0
20-May-20,JK,73,31,1
20-May-20,JH,42,2,0
20-May-20,KA,67,13,1
20-May-20,KL,24,5,0
20-May-20,LA,1,0,0
20-May-20,LD,0,0,0
20-May-20,MP,270,103,9
20-May-20,MH,2161,679,65
20-May-20,MN,16,0,0
20-May-20,ML,1,0,0
20-May-20,MZ,0,0,0
20-May-20,NL,0,0,0
20-May-20,OR,74,36,1
20-May-20,PY,1,0,0
20-May-20,PB,3,152,0
20-May-20,RJ,170,67,4
20-May-20,SK,0,0,0
20-May-20,TN,743,987,3
20-May-20,TG,27,2,2
20-May-20,TR,0,0,0
20-May-20,UP,249,148,4
20-May-20,UT,15,1,0
20-May-20,WB,142,62,3
20-May-20,UN,282,0,0
21-May-20,TT,6023,3131,148
21-May-20,AN,0,0,0
21-May-20,AP,45,41,1
21-May-20,AR,0,0,0
21-May-20,AS,22,6,0
21-May-20,BR,211,0,0
21-May-20,CH,16,42,0
21-May-20,CT,14,0,0
21-May-20,DN,0,0,0
21-May-20,DD,0,0,0
21-May-20,DL,571,375,18
21-May-20,GA,2,0,0
21-May-20,GJ,371,269,24
21-May-20,HR,37,33,0
21-May-20,HP,42,5,0
21-May-20,JK,59,6,2
21-May-20,JH,13,7,0
21-May-20,KA,143,15,0
21-May-20,KL,24,8,0
21-May-20,LA,0,0,0
21-May-20,LD,0,0,0
21-May-20,MP,246,110,4
21-May-20,MH,2345,1408,64
21-May-20,MN,0,0,0
21-May-20,ML,0,0,0
21-May-20,MZ,0,0,0
21-May-20,NL,0,0,0
21-May-20,OR,51,50,1
21-May-20,PY,0,0,0
21-May-20,PB,23,25,1
21-May-20,RJ,212,81,4
21-May-20,SK,0,0,0
21-May-20,TN,776,400,7
21-May-20,TG,38,23,5
21-May-20,TR,2,32,0
21-May-20,UP,340,138,11
21-May-20,UT,19,0,0
21-May-20,WB,94,57,6
21-May-20,UN,307,0,0
22-May-20,TT,6536,3280,142
22-May-20,AN,0,0,0
22-May-20,AP,62,26,1
22-May-20,AR,0,0,0
22-May-20,AS,15,0,0
22-May-20,BR,179,58,2
22-May-20,CH,1,0,0
22-May-20,CT,44,3,0
22-May-20,DN,0,0,0
22-May-20,DD,0,0,0
22-May-20,DL,660,330,14
22-May-20,GA,2,9,0
22-May-20,GJ,363,392,29
22-May-20,HR,37,25,2
22-May-20,HP,16,0,0
22-May-20,JK,40,36,0
22-May-20,JH,20,0,0
22-May-20,KA,138,26,0
22-May-20,KL,42,2,1
22-May-20,LA,2,0,0
22-May-20,LD,0,0,0
22-May-20,MP,189,245,1
22-May-20,MH,2940,857,63
22-May-20,MN,1,0,0
22-May-20,ML,0,0,0
22-May-20,MZ,0,0,0
22-May-20,NL,0,0,0
22-May-20,OR,86,43,0
22-May-20,PY,3,0,0
22-May-20,PB,1,28,0
22-May-20,RJ,267,195,2
22-May-20,SK,0,0,0
22-May-20,TN,786,846,4
22-May-20,TG,62,7,3
22-May-20,TR,0,4,0
22-May-20,UP,220,120,14
22-May-20,UT,8,0,0
22-May-20,WB,135,28,6
22-May-20,UN,217,0,0
23-May-20,TT,6663,2576,142
23-May-20,AN,0,0,0
23-May-20,AP,47,48,1
23-May-20,AR,0,0,0
23-May-20,AS,121,2,0
23-May-20,BR,228,24,0
23-May-20,CH,6,1,0
23-May-20,CT,42,2,0
23-May-20,DN,1,0,0
23-May-20,DD,0,0,0
23-May-20,DL,591,370,23
23-May-20,GA,1,0,0
23-May-20,GJ,396,289,27
23-May-20,HR,64,44,0
23-May-20,HP,17,2,0
23-May-20,JK,80,54,1
23-May-20,JH,27,5,0
23-May-20,KA,216,11,1
23-May-20,KL,62,3,0
23-May-20,LA,3,0,0
23-May-20,LD,0,0,0
23-May-20,MP,201,178,9
23-May-20,MH,2608,821,60
23-May-20,MN,3,0,0
23-May-20,ML,0,0,0
23-May-20,MZ,0,0,0
23-May-20,NL,0,0,0
23-May-20,OR,80,61,0
23-May-20,PY,0,0,0
23-May-20,PB,16,23,0
23-May-20,RJ,248,106,7
23-May-20,SK,1,0,0
23-May-20,TN,759,363,5
23-May-20,TG,52,25,1
23-May-20,TR,16,0,0
23-May-20,UP,282,82,3
23-May-20,UT,91,2,0
23-May-20,WB,127,60,4
23-May-20,UN,279,0,0
24-May-20,TT,7111,3285,156
24-May-20,AN,0,0,0
24-May-20,AP,66,62,0
24-May-20,AR,1,0,0
24-May-20,AS,46,1,0
24-May-20,BR,180,49,0
24-May-20,CH,37,0,1
24-May-20,CT,38,0,0
24-May-20,DN,0,0,0
24-May-20,DD,0,0,0
24-May-20,DL,508,273,30
24-May-20,GA,11,0,0
24-May-20,GJ,394,243,29
24-May-20,HR,53,15,0
24-May-20,HP,18,2,0
24-May-20,JK,52,35,0
24-May-20,JH,20,7,1
24-May-20,KA,130,46,0
24-May-20,KL,53,5,1
24-May-20,LA,3,0,0
24-May-20,LD,0,0,0
24-May-20,MP,294,141,9
24-May-20,MH,3041,1196,58
24-May-20,MN,3,2,0
24-May-20,ML,0,0,0
24-May-20,MZ,0,0,0
24-May-20,NL,0,0,0
24-May-20,OR,67,53,0
24-May-20,PY,15,2,0
24-May-20,PB,15,28,1
24-May-20,RJ,286,62,3
24-May-20,SK,0,0,0
24-May-20,TN,765,833,8
24-May-20,TG,41,24,4
24-May-20,TR,3,13,0
24-May-20,UP,251,132,6
24-May-20,UT,73,3,2
24-May-20,WB,208,58,3
24-May-20,UN,439,0,0
25-May-20,TT,6414,3012,150
25-May-20,AN,0,0,0
25-May-20,AP,106,51,0
25-May-20,AR,0,0,0
25-May-20,AS,156,5,0
25-May-20,BR,163,31,2
25-May-20,CH,4,8,0
25-May-20,CT,40,3,0
25-May-20,DN,0,0,0
25-May-20,DD,0,0,0
25-May-20,DL,635,231,15
25-May-20,GA,1,3,0
25-May-20,GJ,405,224,30
25-May-20,HR,29,37,0
25-May-20,HP,20,4,0
25-May-20,JK,47,0,2
25-May-20,JH,35,0,0
25-May-20,KA,93,51,2
25-May-20,KL,49,12,0
25-May-20,LA,1,0,0
25-May-20,LD,0,0,0
25-May-20,MP,194,163,10
25-May-20,MH,2436,1186,60
25-May-20,MN,4,0,0
25-May-20,ML,1,0,0
25-May-20,MZ,0,0,0
25-May-20,NL,3,0,0
25-May-20,OR,102,99,0
25-May-20,PY,8,5,0
25-May-20,PB,21,15,0
25-May-20,RJ,272,208,4
25-May-20,SK,0,0,0
25-May-20,TN,805,407,7
25-May-20,TG,66,72,3
25-May-20,TR,4,0,0
25-May-20,UP,229,122,8
25-May-20,UT,32,0,1
25-May-20,WB,149,75,6
25-May-20,UN,304,0,0
26-May-20,TT,5907,3585,173
26-May-20,AN,0,0,0
26-May-20,AP,97,125,1
26-May-20,AR,0,0,0
26-May-20,AS,134,0,0
26-May-20,BR,231,67,1
26-May-20,CH,12,0,0
26-May-20,CT,68,12,0
26-May-20,DN,0,0,0
26-May-20,DD,0,0,0
26-May-20,DL,412,183,12
26-May-20,GA,0,9,0
26-May-20,GJ,361,501,27
26-May-20,HR,92,22,0
26-May-20,HP,24,0,0
26-May-20,JK,91,24,1
26-May-20,JH,21,5,0
26-May-20,KA,101,59,0
26-May-20,KL,67,10,1
26-May-20,LA,0,0,0
26-May-20,LD,0,0,0
26-May-20,MP,165,118,5
26-May-20,MH,2091,1168,97
26-May-20,MN,3,0,0
26-May-20,ML,5,0,0
26-May-20,MZ,0,0,0
26-May-20,NL,1,0,0
26-May-20,OR,79,84,0
26-May-20,PY,0,0,0
26-May-20,PB,25,5,0
26-May-20,RJ,236,220,3
26-May-20,SK,0,0,0
26-May-20,TN,646,611,11
26-May-20,TG,112,120,1
26-May-20,TR,34,0,0
26-May-20,UP,227,164,8
26-May-20,UT,51,6,0
26-May-20,WB,193,72,5
26-May-20,UN,328,0,0
27-May-20,TT,7246,3434,188
27-May-20,AN,0,0,0
27-May-20,AP,134,48,1
27-May-20,AR,0,0,0
27-May-20,AS,101,25,0
27-May-20,BR,68,118,1
27-May-20,CH,1,0,0
27-May-20,CT,4,4,0
27-May-20,DN,0,0,0
27-May-20,DD,0,0,0
27-May-20,DL,792,310,15
27-May-20,GA,1,9,0
27-May-20,GJ,376,410,23
27-May-20,HR,76,14,2
27-May-20,HP,26,3,2
27-May-20,JK,162,21,2
27-May-20,JH,7,0,0
27-May-20,KA,135,17,3
27-May-20,KL,40,10,0
27-May-20,LA,1,0,0
27-May-20,LD,0,0,0
27-May-20,MP,237,238,8
27-May-20,MH,2190,964,105
27-May-20,MN,5,0,0
27-May-20,ML,0,0,0
27-May-20,MZ,0,0,0
27-May-20,NL,5,0,0
27-May-20,OR,76,79,0
27-May-20,PY,0,0,0
27-May-20,PB,33,0,0
27-May-20,RJ,280,286,3
27-May-20,SK,0,0,0
27-May-20,TN,817,567,6
27-May-20,TG,107,37,6
27-May-20,TR,10,0,0
27-May-20,UP,267,167,5
27-May-20,UT,69,15,0
27-May-20,WB,183,92,6
27-May-20,UN,1043,0,0
28-May-20,TT,7254,3171,176
28-May-20,AN,0,0,0
28-May-20,AP,128,68,1
28-May-20,AR,1,0,0
28-May-20,AS,97,16,0
28-May-20,BR,149,132,0
28-May-20,CH,10,2,0
28-May-20,CT,34,0,0
28-May-20,DN,0,0,0
28-May-20,DD,0,0,0
28-May-20,DL,1024,231,13
28-May-20,GA,1,1,0
28-May-20,GJ,367,454,22
28-May-20,HR,123,43,1
28-May-20,HP,8,7,0
28-May-20,JK,115,5,1
28-May-20,JH,6,0,0
28-May-20,KA,115,53,0
28-May-20,KL,85,3,1
28-May-20,LA,20,0,0
28-May-20,LD,0,0,0
28-May-20,MP,192,123,8
28-May-20,MH,2598,698,85
28-May-20,MN,11,0,0
28-May-20,ML,1,0,0
28-May-20,MZ,0,0,0
28-May-20,NL,9,0,0
28-May-20,OR,67,75,0
28-May-20,PY,4,0,0
28-May-20,PB,19,28,0
28-May-20,RJ,251,253,7
28-May-20,SK,0,0,0
28-May-20,TN,827,639,12
28-May-20,TG,117,24,4
28-May-20,TR,2,2,0
28-May-20,UP,179,224,15
28-May-20,UT,31,0,0
28-May-20,WB,344,90,6
28-May-20,UN,319,0,0
29-May-20,TT,8138,11735,269
29-May-20,AN,0,0,0
29-May-20,AP,85,101,1
29-May-20,AR,0,0,0
29-May-20,AS,177,22,0
29-May-20,BR,174,159,0
29-May-20,CH,0,0,0
29-May-20,CT,17,17,1
29-May-20,DN,0,0,0
29-May-20,DD,0,0,0
29-May-20,DL,1105,351,82
29-May-20,GA,0,3,0
29-May-20,GJ,372,608,20
29-May-20,HR,217,59,0
29-May-20,HP,14,10,0
29-May-20,JK,128,16,1
29-May-20,JH,82,63,1
29-May-20,KA,248,60,1
29-May-20,KL,62,10,1
29-May-20,LA,0,0,0
29-May-20,LD,0,0,0
29-May-20,MP,192,219,13
29-May-20,MH,2682,8381,116
29-May-20,MN,4,2,0
29-May-20,ML,6,0,0
29-May-20,MZ,0,0,0
29-May-20,NL,7,0,0
29-May-20,OR,63,90,2
29-May-20,PY,4,6,0
29-May-20,PB,39,3,2
29-May-20,RJ,298,429,4
29-May-20,SK,0,0,0
29-May-20,TN,874,765,9
29-May-20,TG,169,36,4
29-May-20,TR,10,0,0
29-May-20,UP,275,195,4
29-May-20,UT,216,23,0
29-May-20,WB,277,107,7
29-May-20,UN,341,0,0
30-May-20,TT,8364,4303,205
30-May-20,AN,0,0,0
30-May-20,AP,131,55,0
30-May-20,AR,1,0,0
30-May-20,AS,159,38,0
30-May-20,BR,206,102,6
30-May-20,CH,0,10,0
30-May-20,CT,32,2,0
30-May-20,DN,0,0,0
30-May-20,DD,0,0,0
30-May-20,DL,1163,229,18
30-May-20,GA,1,1,0
30-May-20,GJ,412,621,27
30-May-20,HR,202,31,1
30-May-20,HP,18,24,0
30-May-20,JK,177,33,0
30-May-20,JH,73,40,0
30-May-20,KA,141,103,1
30-May-20,KL,58,10,1
30-May-20,LA,3,0,0
30-May-20,LD,0,0,0
30-May-20,MP,246,175,9
30-May-20,MH,2940,1084,99
30-May-20,MN,1,0,0
30-May-20,ML,0,0,0
30-May-20,MZ,0,0,0
30-May-20,NL,11,0,0
30-May-20,OR,96,73,0
30-May-20,PY,0,0,0
30-May-20,PB,36,18,2
30-May-20,RJ,252,495,9
30-May-20,SK,0,0,0
30-May-20,TN,938,687,6
30-May-20,TG,74,31,6
30-May-20,TR,17,5,0
30-May-20,UP,256,241,12
30-May-20,UT,33,0,1
30-May-20,WB,317,195,7
30-May-20,UN,370,0,0
31-May-20,TT,8789,4928,222
31-May-20,AN,0,0,0
31-May-20,AP,110,51,2
31-May-20,AR,0,0,0
31-May-20,AS,123,22,0
31-May-20,BR,242,209,2
31-May-20,CH,4,0,0
31-May-20,CT,51,12,0
31-May-20,DN,0,0,0
31-May-20,DD,0,0,0
31-May-20,DL,1295,403,57
31-May-20,GA,1,2,0
31-May-20,GJ,438,689,31
31-May-20,HR,168,77,0
31-May-20,HP,18,9,0
31-May-20,JK,105,19,0
31-May-20,JH,41,0,0
31-May-20,KA,299,221,2
31-May-20,KL,61,15,0
31-May-20,LA,0,4,0
31-May-20,LD,0,0,0
31-May-20,MP,198,398,7
31-May-20,MH,2487,1248,89
31-May-20,MN,11,5,0
31-May-20,ML,0,0,0
31-May-20,MZ,0,0,0
31-May-20,NL,7,0,0
31-May-20,OR,129,76,0
31-May-20,PY,13,2,0
31-May-20,PB,30,20,1
31-May-20,RJ,214,293,1
31-May-20,SK,0,0,0
31-May-20,TN,1149,757,13
31-May-20,TG,199,16,5
31-May-20,TR,45,1,0
31-May-20,UP,374,192,4
31-May-20,UT,158,0,0
31-May-20,WB,371,187,8
31-May-20,UN,448,0,0
01-Jun-20,TT,7723,3892,201
01-Jun-20,AN,0,0,0
01-Jun-20,AP,105,34,2
01-Jun-20,AR,18,0,0
01-Jun-20,AS,146,99,0
01-Jun-20,BR,138,221,0
01-Jun-20,CH,4,15,0
01-Jun-20,CT,49,7,0
01-Jun-20,DN,1,0,0
01-Jun-20,DD,0,0,0
01-Jun-20,DL,990,268,50
01-Jun-20,GA,2,6,0
01-Jun-20,GJ,423,861,25
01-Jun-20,HR,265,7,1
01-Jun-20,HP,9,2,0
01-Jun-20,JK,155,19,3
01-Jun-20,JH,26,40,0
01-Jun-20,KA,187,110,1
01-Jun-20,KL,57,18,1
01-Jun-20,LA,0,0,0
01-Jun-20,LD,0,0,0
01-Jun-20,MP,194,161,8
01-Jun-20,MH,2358,779,76
01-Jun-20,MN,12,0,0
01-Jun-20,ML,1,0,0
01-Jun-20,MZ,0,0,0
01-Jun-20,NL,0,0,0
01-Jun-20,OR,156,119,0
01-Jun-20,PY,9,0,0
01-Jun-20,PB,38,13,-1
01-Jun-20,RJ,269,181,5
01-Jun-20,SK,0,0,0
01-Jun-20,TN,1162,413,11
01-Jun-20,TG,94,63,6
01-Jun-20,TR,107,0,0
01-Jun-20,UP,286,187,5
01-Jun-20,UT,52,120,0
01-Jun-20,WB,271,149,8
01-Jun-20,UN,139,0,0
02-Jun-20,TT,8815,4531,221
02-Jun-20,AN,0,0,0
02-Jun-20,AP,115,40,0
02-Jun-20,AR,5,0,0
02-Jun-20,AS,74,53,0
02-Jun-20,BR,151,62,1
02-Jun-20,CH,4,0,1
02-Jun-20,CT,15,9,0
02-Jun-20,DN,0,0,0
02-Jun-20,DD,0,0,0
02-Jun-20,DL,1298,497,33
02-Jun-20,GA,6,7,0
02-Jun-20,GJ,415,1114,29
02-Jun-20,HR,296,14,2
02-Jun-20,HP,5,18,0
02-Jun-20,JK,117,7,2
02-Jun-20,JH,61,0,0
02-Jun-20,KA,388,75,0
02-Jun-20,KL,86,19,1
02-Jun-20,LA,4,0,1
02-Jun-20,LD,0,0,0
02-Jun-20,MP,137,218,6
02-Jun-20,MH,2287,1225,103
02-Jun-20,MN,6,3,0
02-Jun-20,ML,2,0,0
02-Jun-20,MZ,12,0,0
02-Jun-20,NL,6,0,0
02-Jun-20,OR,141,80,0
02-Jun-20,PY,0,0,0
02-Jun-20,PB,41,17,2
02-Jun-20,RJ,273,222,4
02-Jun-20,SK,0,0,0
02-Jun-20,TN,1091,536,13
02-Jun-20,TG,99,35,4
02-Jun-20,TR,48,0,0
02-Jun-20,UP,368,146,7
02-Jun-20,UT,84,30,2
02-Jun-20,WB,396,104,10
02-Jun-20,UN,784,0,0
03-Jun-20,TT,9638,3786,259
03-Jun-20,AN,0,0,0
03-Jun-20,AP,180,50,4
03-Jun-20,AR,10,0,0
03-Jun-20,AS,271,76,0
03-Jun-20,BR,230,222,1
03-Jun-20,CH,0,0,0
03-Jun-20,CT,64,40,0
03-Jun-20,DN,8,0,0
03-Jun-20,DD,0,0,0
03-Jun-20,DL,1513,299,59
03-Jun-20,GA,47,0,0
03-Jun-20,GJ,485,318,30
03-Jun-20,HR,302,20,0
03-Jun-20,HP,14,10,0
03-Jun-20,JK,139,54,1
03-Jun-20,JH,42,1,0
03-Jun-20,KA,267,111,1
03-Jun-20,KL,82,24,0
03-Jun-20,LA,9,1,0
03-Jun-20,LD,0,0,0
03-Jun-20,MP,168,224,7
03-Jun-20,MH,2560,996,122
03-Jun-20,MN,19,24,0
03-Jun-20,ML,3,1,0
03-Jun-20,MZ,1,0,0
03-Jun-20,NL,9,0,0
03-Jun-20,OR,143,91,0
03-Jun-20,PY,9,5,0
03-Jun-20,PB,34,12,1
03-Jun-20,RJ,279,309,6
03-Jun-20,SK,1,0,0
03-Jun-20,TN,1286,610,8
03-Jun-20,TG,129,30,7
03-Jun-20,TR,102,0,0
03-Jun-20,UP,141,81,1
03-Jun-20,UT,42,7,1
03-Jun-20,WB,340,170,10
03-Jun-20,UN,709,0,0
